#
# There is insufficient memory for the Java Runtime Environment to continue.
# Native memory allocation (malloc) failed to allocate 1567648 bytes for Chunk::new
# Possible reasons:
#   The system is out of physical RAM or swap space
#   The process is running with CompressedOops enabled, and the Java Heap may be blocking the growth of the native heap
# Possible solutions:
#   Reduce memory load on the system
#   Increase physical memory or swap space
#   Check if swap backing store is full
#   Decrease Java heap size (-Xmx/-Xms)
#   Decrease number of Java threads
#   Decrease Java thread stack sizes (-Xss)
#   Set larger code cache with -XX:ReservedCodeCacheSize=
#   JVM is running with Zero Based Compressed Oops mode in which the Java heap is
#     placed in the first 32GB address space. The Java Heap base address is the
#     maximum limit for the native heap growth. Please use -XX:HeapBaseMinAddress
#     to set the Java Heap base and to place the Java Heap above 32GB virtual address.
# This output file may be truncated or incomplete.
#
#  Out of Memory Error (arena.cpp:166), pid=21352, tid=22552
#
# JRE version: Java(TM) SE Runtime Environment (21.0+35) (build 21+35-LTS-2513)
# Java VM: Java HotSpot(TM) 64-Bit Server VM (21+35-LTS-2513, mixed mode, sharing, tiered, compressed oops, compressed class ptrs, g1 gc, windows-amd64)
# No core dump will be written. Minidumps are not enabled by default on client versions of Windows
#

---------------  S U M M A R Y ------------

Command Line: --add-opens=java.base/java.lang=ALL-UNNAMED --add-opens=java.base/java.lang.invoke=ALL-UNNAMED --add-opens=java.base/java.util=ALL-UNNAMED --add-opens=java.prefs/java.util.prefs=ALL-UNNAMED --add-exports=jdk.compiler/com.sun.tools.javac.api=ALL-UNNAMED --add-exports=jdk.compiler/com.sun.tools.javac.util=ALL-UNNAMED --add-opens=java.base/java.util=ALL-UNNAMED --add-opens=java.prefs/java.util.prefs=ALL-UNNAMED --add-opens=java.base/java.nio.charset=ALL-UNNAMED --add-opens=java.base/java.net=ALL-UNNAMED --add-opens=java.base/java.util.concurrent.atomic=ALL-UNNAMED --add-opens=java.xml/javax.xml.namespace=ALL-UNNAMED -XX:MaxMetaspaceSize=4G -XX:ReservedCodeCacheSize=512m -XX:+HeapDumpOnOutOfMemoryError -Xmx8G -Dfile.encoding=UTF-8 -Duser.country=US -Duser.language=en -Duser.variant -javaagent:C:\Users\lugtu\.gradle\wrapper\dists\gradle-8.12-all\ejduaidbjup3bmmkhw3rie4zb\gradle-8.12\lib\agents\gradle-instrumentation-agent-8.12.jar org.gradle.launcher.daemon.bootstrap.GradleDaemon 8.12

Host: AMD Ryzen 5 PRO 4650G with Radeon Graphics, 12 cores, 12G,  Windows 11 , 64 bit Build 22621 (10.0.22621.2428)
Time: Thu Apr  2 18:22:17 2026 Malay Peninsula Standard Time elapsed time: 662.527175 seconds (0d 0h 11m 2s)

---------------  T H R E A D  ---------------

Current thread (0x00000214045b13d0):  JavaThread "C2 CompilerThread2" daemon [_thread_in_native, id=22552, stack(0x000000fcc3600000,0x000000fcc3700000) (1024K)]


Current CompileTask:
C2: 662530 61687 %     4       com.android.tools.r8.internal.y50::a @ 368 (500 bytes)

Stack: [0x000000fcc3600000,0x000000fcc3700000]
Native frames: (J=compiled Java code, j=interpreted, Vv=VM code, C=native code)
V  [jvm.dll+0x6c8d39]
V  [jvm.dll+0x854091]
V  [jvm.dll+0x85630e]
V  [jvm.dll+0x8569e3]
V  [jvm.dll+0x2809a6]
V  [jvm.dll+0xc3e6d]
V  [jvm.dll+0xc4383]
V  [jvm.dll+0x3b551c]
V  [jvm.dll+0x382245]
V  [jvm.dll+0x3816ba]
V  [jvm.dll+0x249800]
V  [jvm.dll+0x248de1]
V  [jvm.dll+0x1c9b91]
V  [jvm.dll+0x2583e9]
V  [jvm.dll+0x2569ca]
V  [jvm.dll+0x3eef66]
V  [jvm.dll+0x7fd2c8]
V  [jvm.dll+0x6c748d]
C  [ucrtbase.dll+0x29363]
C  [KERNEL32.DLL+0x1257d]
C  [ntdll.dll+0x5aa78]


---------------  P R O C E S S  ---------------

Threads class SMR info:
_java_thread_list=0x0000021421dcbbe0, length=218, elements={
0x00000213c47eae00, 0x00000213fb768b60, 0x00000213fb76cae0, 0x00000213fb76f780,
0x00000213fb770440, 0x00000213fb773280, 0x00000213fb774040, 0x00000213fb778f20,
0x00000213fb78a5e0, 0x00000213fb73c640, 0x00000213fc2dab40, 0x0000021401cb5160,
0x0000021401cb78c0, 0x0000021401cb6510, 0x0000021401e6b770, 0x0000021401e6ded0,
0x0000021401e6ebf0, 0x0000021401e6e560, 0x00000214042fd3c0, 0x0000021404410350,
0x0000021405a734c0, 0x000002140334a3a0, 0x0000021403344e50, 0x000002140334b0c0,
0x000002140334b750, 0x000002141d4843c0, 0x000002141d48f4f0, 0x000002141d73c270,
0x000002141d729b20, 0x000002141d71f710, 0x000002141d7273c0, 0x000002141d727a50,
0x000002141d7280e0, 0x000002141d721150, 0x000002141d722500, 0x000002141d7217e0,
0x000002141d728e00, 0x000002141d7238b0, 0x000002141d72aed0, 0x000002141d723f40,
0x000002141d7245d0, 0x000002141d7324f0, 0x000002141d72c280, 0x000002141d72b560,
0x000002141d72d630, 0x000002141d730420, 0x000002141d732b80, 0x000002141d72bbf0,
0x000002141d733210, 0x000002141d731140, 0x000002141d72cfa0, 0x000002141d7317d0,
0x000002141d72f070, 0x000002141d72dcc0, 0x000002141d72e9e0, 0x000002141d72e350,
0x000002141d731e60, 0x000002141d7338a0, 0x000002141d72f700, 0x000002141d730ab0,
0x000002141d72c910, 0x000002141d736690, 0x000002141d7345c0, 0x000002141d733f30,
0x000002141d72fd90, 0x000002141d734c50, 0x000002141d735970, 0x000002141d7352e0,
0x000002141d7373b0, 0x000002141d736000, 0x000002141d736d20, 0x000002141d737a40,
0x000002141d7380d0, 0x000002141d738760, 0x000002141d738df0, 0x00000213fc88e140,
0x00000213fc88c700, 0x00000213fc8908a0, 0x00000213fc88e7d0, 0x00000213fc88f4f0,
0x00000213fc88d420, 0x00000213fc88dab0, 0x00000213fc890210, 0x00000213fc88ee60,
0x00000213fc889fa0, 0x00000213fc8915c0, 0x00000213fc88a630, 0x00000213fc88fb80,
0x00000213fc8922e0, 0x00000213fc88b350, 0x00000213fc890f30, 0x00000213fc88c070,
0x00000213fc891c50, 0x00000213fc892970, 0x00000213fc88cd90, 0x00000213fc88b9e0,
0x00000213fc897830, 0x00000213fc8950d0, 0x000002141d488bf0, 0x000002141d489280,
0x000002141d48a630, 0x000002141d483d30, 0x000002141d48acc0, 0x000002141d48b350,
0x000002141d48b9e0, 0x000002141d484a50, 0x000002141d48c070, 0x000002141d4850e0,
0x000002141d48c700, 0x000002141d485e00, 0x000002141d48cd90, 0x000002141d4915c0,
0x000002141d48fb80, 0x000002141d491c50, 0x000002141d4922e0, 0x000002141d48e140,
0x000002141d48d420, 0x000002141d490210, 0x000002141d4908a0, 0x000002141d490f30,
0x0000021403345b70, 0x0000021403342d80, 0x0000021403348960, 0x00000214033454e0,
0x0000021403343410, 0x00000214033447c0, 0x0000021403346200, 0x000002140334bde0,
0x000002140334e540, 0x000002140334deb0, 0x000002140334cb00, 0x000002140334d190,
0x000002140334d820, 0x00000214033475b0, 0x000002140334ebd0, 0x000002140334f8f0,
0x000002140334ff80, 0x0000021403350610, 0x0000021403350ca0, 0x0000021417898ee0,
0x00000214178974a0, 0x0000021417893300, 0x0000021417897b30, 0x0000021417894020,
0x00000214178946b0, 0x0000021417894d40, 0x0000021417892c70, 0x00000214178981c0,
0x0000021417899c00, 0x00000214178953d0, 0x0000021417895a60, 0x0000021417899570,
0x00000214178960f0, 0x0000021417896780, 0x000002141789a290, 0x0000021417896e10,
0x000002141747b050, 0x000002141747c400, 0x000002141747b6e0, 0x000002141747bd70,
0x0000021417477bd0, 0x000002141747e4d0, 0x000002141747d120, 0x0000021417478f80,
0x000002141747d7b0, 0x0000021417478260, 0x0000021417477540, 0x000002141747eb60,
0x0000021405a74870, 0x0000021405a75c20, 0x0000021405a762b0, 0x0000021405a77cf0,
0x0000021405a70d60, 0x0000021405a78380, 0x0000021405a713f0, 0x0000021405a71a80,
0x0000021405a727a0, 0x0000021405a72110, 0x000002140919e790, 0x00000214091a1c10,
0x00000214091a3650, 0x00000214091a4370, 0x000002140919d3e0, 0x000002140919f4b0,
0x00000214091a0860, 0x000002140919da70, 0x0000021404412420, 0x000002140440b490,
0x0000021404412ab0, 0x0000021401cb85e0, 0x0000021401cb6ba0, 0x0000021401cb57f0,
0x0000021401cb7230, 0x0000021401cb5e80, 0x000002141e6874d0, 0x000002141e686e40,
0x000002141e68bd00, 0x000002141e688880, 0x000002141e689c30, 0x000002141e68d740,
0x000002141e68b670, 0x000002141e6867b0, 0x000002141e68f180, 0x000002141e6946d0,
0x000002141e6881f0, 0x000002141e692c90, 0x000002141e691f70, 0x000002141e6939b0,
0x000002141e690530, 0x000002141e693320, 0x000002141e6967a0, 0x000002141e694040,
0x000002141e6953f0, 0x000002141e695a80, 0x000002141e69d730, 0x0000021421543050,
0x000002141fcd73b0, 0x00000214045b13d0
}

Java Threads: ( => current thread )
  0x00000213c47eae00 JavaThread "main"                              [_thread_blocked, id=22716, stack(0x000000fcb5900000,0x000000fcb5a00000) (1024K)]
  0x00000213fb768b60 JavaThread "Reference Handler"          daemon [_thread_blocked, id=12964, stack(0x000000fcb6100000,0x000000fcb6200000) (1024K)]
  0x00000213fb76cae0 JavaThread "Finalizer"                  daemon [_thread_blocked, id=15556, stack(0x000000fcb6200000,0x000000fcb6300000) (1024K)]
  0x00000213fb76f780 JavaThread "Signal Dispatcher"          daemon [_thread_blocked, id=14784, stack(0x000000fcb6300000,0x000000fcb6400000) (1024K)]
  0x00000213fb770440 JavaThread "Attach Listener"            daemon [_thread_blocked, id=5504, stack(0x000000fcb6400000,0x000000fcb6500000) (1024K)]
  0x00000213fb773280 JavaThread "Service Thread"             daemon [_thread_blocked, id=23324, stack(0x000000fcb6500000,0x000000fcb6600000) (1024K)]
  0x00000213fb774040 JavaThread "Monitor Deflation Thread"   daemon [_thread_blocked, id=24452, stack(0x000000fcb6600000,0x000000fcb6700000) (1024K)]
  0x00000213fb778f20 JavaThread "C2 CompilerThread0"         daemon [_thread_in_native, id=20972, stack(0x000000fcb6700000,0x000000fcb6800000) (1024K)]
  0x00000213fb78a5e0 JavaThread "C1 CompilerThread0"         daemon [_thread_blocked, id=23168, stack(0x000000fcb6800000,0x000000fcb6900000) (1024K)]
  0x00000213fb73c640 JavaThread "Common-Cleaner"             daemon [_thread_blocked, id=24412, stack(0x000000fcb6900000,0x000000fcb6a00000) (1024K)]
  0x00000213fc2dab40 JavaThread "Notification Thread"        daemon [_thread_blocked, id=19772, stack(0x000000fcb6a00000,0x000000fcb6b00000) (1024K)]
  0x0000021401cb5160 JavaThread "Daemon health stats"               [_thread_blocked, id=24548, stack(0x000000fcb7300000,0x000000fcb7400000) (1024K)]
  0x0000021401cb78c0 JavaThread "Incoming local TCP Connector on port 58824"        [_thread_in_native, id=21164, stack(0x000000fcb7400000,0x000000fcb7500000) (1024K)]
  0x0000021401cb6510 JavaThread "Daemon periodic checks"            [_thread_blocked, id=22332, stack(0x000000fcb7500000,0x000000fcb7600000) (1024K)]
  0x0000021401e6b770 JavaThread "Cache worker for journal cache (C:\Users\lugtu\.gradle\caches\journal-1)"        [_thread_blocked, id=10276, stack(0x000000fcb7d00000,0x000000fcb7e00000) (1024K)]
  0x0000021401e6ded0 JavaThread "File lock request listener"        [_thread_in_native, id=24140, stack(0x000000fcb7e00000,0x000000fcb7f00000) (1024K)]
  0x0000021401e6ebf0 JavaThread "Cache worker for file hash cache (C:\Users\lugtu\.gradle\caches\8.12\fileHashes)"        [_thread_blocked, id=24136, stack(0x000000fcb7f00000,0x000000fcb8000000) (1024K)]
  0x0000021401e6e560 JavaThread "File watcher server"        daemon [_thread_in_native, id=21780, stack(0x000000fcb8700000,0x000000fcb8800000) (1024K)]
  0x00000214042fd3c0 JavaThread "File watcher consumer"      daemon [_thread_blocked, id=23140, stack(0x000000fcb8800000,0x000000fcb8900000) (1024K)]
  0x0000021404410350 JavaThread "Cache worker for file content cache (C:\Users\lugtu\.gradle\caches\8.12\fileContent)"        [_thread_blocked, id=24540, stack(0x000000fcb8a00000,0x000000fcb8b00000) (1024K)]
  0x0000021405a734c0 JavaThread "Memory manager"                    [_thread_blocked, id=19708, stack(0x000000fcbaf00000,0x000000fcbb000000) (1024K)]
  0x000002140334a3a0 JavaThread "RMI Scheduler(0)"           daemon [_thread_blocked, id=24560, stack(0x000000fcb5700000,0x000000fcb5800000) (1024K)]
  0x0000021403344e50 JavaThread "RMI GC Daemon"              daemon [_thread_blocked, id=1880, stack(0x000000fcbe300000,0x000000fcbe400000) (1024K)]
  0x000002140334b0c0 JavaThread "RMI TCP Accept-0"           daemon [_thread_in_native, id=23240, stack(0x000000fcbe400000,0x000000fcbe500000) (1024K)]
  0x000002140334b750 JavaThread "RMI Reaper"                        [_thread_blocked, id=17892, stack(0x000000fcbe500000,0x000000fcbe600000) (1024K)]
  0x000002141d4843c0 JavaThread "jar transforms"                    [_thread_blocked, id=5584, stack(0x000000fcc0900000,0x000000fcc0a00000) (1024K)]
  0x000002141d48f4f0 JavaThread "jar transforms Thread 2"           [_thread_blocked, id=22880, stack(0x000000fcc1d00000,0x000000fcc1e00000) (1024K)]
  0x000002141d73c270 JavaThread "jar transforms Thread 3"           [_thread_blocked, id=11812, stack(0x000000fcbe000000,0x000000fcbe100000) (1024K)]
  0x000002141d729b20 JavaThread "jar transforms Thread 4"           [_thread_blocked, id=14596, stack(0x000000fcbb200000,0x000000fcbb300000) (1024K)]
  0x000002141d71f710 JavaThread "Daemon Thread 2"                   [_thread_blocked, id=22400, stack(0x000000fcb5800000,0x000000fcb5900000) (1024K)]
  0x000002141d7273c0 JavaThread "Handler for socket connection from /127.0.0.1:58824 to /127.0.0.1:63519"        [_thread_in_native, id=18472, stack(0x000000fcb6b00000,0x000000fcb6c00000) (1024K)]
  0x000002141d727a50 JavaThread "Cancel handler"                    [_thread_blocked, id=19316, stack(0x000000fcb7600000,0x000000fcb7700000) (1024K)]
  0x000002141d7280e0 JavaThread "Daemon worker Thread 2"            [_thread_blocked, id=2960, stack(0x000000fcb7700000,0x000000fcb7800000) (1024K)]
  0x000002141d721150 JavaThread "Asynchronous log dispatcher for DefaultDaemonConnection: socket connection from /127.0.0.1:58824 to /127.0.0.1:63519"        [_thread_blocked, id=3156, stack(0x000000fcb7800000,0x000000fcb7900000) (1024K)]
  0x000002141d722500 JavaThread "Stdin handler"                     [_thread_blocked, id=5168, stack(0x000000fcb7900000,0x000000fcb7a00000) (1024K)]
  0x000002141d7217e0 JavaThread "Daemon client event forwarder"        [_thread_blocked, id=21192, stack(0x000000fcb7a00000,0x000000fcb7b00000) (1024K)]
  0x000002141d728e00 JavaThread "Cache worker for file hash cache (C:\Users\lugtu\Downloads\Infini-Stock\mobile-app\android\.gradle\8.12\fileHashes)"        [_thread_blocked, id=10884, stack(0x000000fcb7b00000,0x000000fcb7c00000) (1024K)]
  0x000002141d7238b0 JavaThread "Cache worker for Build Output Cleanup Cache (C:\Users\lugtu\Downloads\Infini-Stock\mobile-app\android\.gradle\buildOutputCleanup)"        [_thread_blocked, id=10916, stack(0x000000fcb7c00000,0x000000fcb7d00000) (1024K)]
  0x000002141d72aed0 JavaThread "Cache worker for checksums cache (C:\Users\lugtu\Downloads\Infini-Stock\mobile-app\android\.gradle\8.12\checksums)"        [_thread_blocked, id=8488, stack(0x000000fcb8500000,0x000000fcb8600000) (1024K)]
  0x000002141d723f40 JavaThread "Cache worker for cache directory md-rule (C:\Users\lugtu\.gradle\caches\8.12\md-rule)"        [_thread_blocked, id=23932, stack(0x000000fcb8600000,0x000000fcb8700000) (1024K)]
  0x000002141d7245d0 JavaThread "Cache worker for cache directory md-supplier (C:\Users\lugtu\.gradle\caches\8.12\md-supplier)"        [_thread_blocked, id=11796, stack(0x000000fcb8900000,0x000000fcb8a00000) (1024K)]
  0x000002141d7324f0 JavaThread "Cache worker for Build Output Cleanup Cache (C:\flutter\packages\flutter_tools\gradle\.gradle\buildOutputCleanup)"        [_thread_blocked, id=3644, stack(0x000000fcb8b00000,0x000000fcb8c00000) (1024K)]
  0x000002141d72c280 JavaThread "Unconstrained build operations"        [_thread_blocked, id=24100, stack(0x000000fcb8d00000,0x000000fcb8e00000) (1024K)]
  0x000002141d72b560 JavaThread "Unconstrained build operations Thread 2"        [_thread_blocked, id=15668, stack(0x000000fcb8e00000,0x000000fcb8f00000) (1024K)]
  0x000002141d72d630 JavaThread "Unconstrained build operations Thread 3"        [_thread_blocked, id=21592, stack(0x000000fcb8f00000,0x000000fcb9000000) (1024K)]
  0x000002141d730420 JavaThread "Unconstrained build operations Thread 4"        [_thread_blocked, id=24132, stack(0x000000fcb9000000,0x000000fcb9100000) (1024K)]
  0x000002141d732b80 JavaThread "Unconstrained build operations Thread 5"        [_thread_blocked, id=16260, stack(0x000000fcb9100000,0x000000fcb9200000) (1024K)]
  0x000002141d72bbf0 JavaThread "Unconstrained build operations Thread 6"        [_thread_blocked, id=17048, stack(0x000000fcb9200000,0x000000fcb9300000) (1024K)]
  0x000002141d733210 JavaThread "Unconstrained build operations Thread 7"        [_thread_blocked, id=17868, stack(0x000000fcb9300000,0x000000fcb9400000) (1024K)]
  0x000002141d731140 JavaThread "Unconstrained build operations Thread 8"        [_thread_blocked, id=23868, stack(0x000000fcb9400000,0x000000fcb9500000) (1024K)]
  0x000002141d72cfa0 JavaThread "Unconstrained build operations Thread 9"        [_thread_blocked, id=7576, stack(0x000000fcb9500000,0x000000fcb9600000) (1024K)]
  0x000002141d7317d0 JavaThread "Unconstrained build operations Thread 10"        [_thread_blocked, id=21288, stack(0x000000fcb9600000,0x000000fcb9700000) (1024K)]
  0x000002141d72f070 JavaThread "Unconstrained build operations Thread 11"        [_thread_blocked, id=11168, stack(0x000000fcb9700000,0x000000fcb9800000) (1024K)]
  0x000002141d72dcc0 JavaThread "Unconstrained build operations Thread 12"        [_thread_blocked, id=22660, stack(0x000000fcb9800000,0x000000fcb9900000) (1024K)]
  0x000002141d72e9e0 JavaThread "Unconstrained build operations Thread 13"        [_thread_blocked, id=24128, stack(0x000000fcb9900000,0x000000fcb9a00000) (1024K)]
  0x000002141d72e350 JavaThread "Unconstrained build operations Thread 14"        [_thread_blocked, id=23992, stack(0x000000fcb9a00000,0x000000fcb9b00000) (1024K)]
  0x000002141d731e60 JavaThread "Unconstrained build operations Thread 15"        [_thread_blocked, id=17428, stack(0x000000fcb9b00000,0x000000fcb9c00000) (1024K)]
  0x000002141d7338a0 JavaThread "Unconstrained build operations Thread 16"        [_thread_blocked, id=23912, stack(0x000000fcb9c00000,0x000000fcb9d00000) (1024K)]
  0x000002141d72f700 JavaThread "Unconstrained build operations Thread 17"        [_thread_blocked, id=21384, stack(0x000000fcb9d00000,0x000000fcb9e00000) (1024K)]
  0x000002141d730ab0 JavaThread "Unconstrained build operations Thread 18"        [_thread_blocked, id=8296, stack(0x000000fcb9e00000,0x000000fcb9f00000) (1024K)]
  0x000002141d72c910 JavaThread "Unconstrained build operations Thread 19"        [_thread_blocked, id=11148, stack(0x000000fcb9f00000,0x000000fcba000000) (1024K)]
  0x000002141d736690 JavaThread "Unconstrained build operations Thread 20"        [_thread_blocked, id=20732, stack(0x000000fcba000000,0x000000fcba100000) (1024K)]
  0x000002141d7345c0 JavaThread "Unconstrained build operations Thread 21"        [_thread_blocked, id=17220, stack(0x000000fcba100000,0x000000fcba200000) (1024K)]
  0x000002141d733f30 JavaThread "Unconstrained build operations Thread 22"        [_thread_blocked, id=22524, stack(0x000000fcba200000,0x000000fcba300000) (1024K)]
  0x000002141d72fd90 JavaThread "build event listener"              [_thread_blocked, id=24328, stack(0x000000fcba300000,0x000000fcba400000) (1024K)]
  0x000002141d734c50 JavaThread "included builds"                   [_thread_blocked, id=15632, stack(0x000000fcba400000,0x000000fcba500000) (1024K)]
  0x000002141d735970 JavaThread "Execution worker"                  [_thread_blocked, id=22352, stack(0x000000fcba500000,0x000000fcba600000) (1024K)]
  0x000002141d7352e0 JavaThread "Execution worker Thread 2"         [_thread_blocked, id=21688, stack(0x000000fcba600000,0x000000fcba700000) (1024K)]
  0x000002141d7373b0 JavaThread "Execution worker Thread 3"         [_thread_blocked, id=21528, stack(0x000000fcba700000,0x000000fcba800000) (1024K)]
  0x000002141d736000 JavaThread "Execution worker Thread 4"         [_thread_blocked, id=23664, stack(0x000000fcba800000,0x000000fcba900000) (1024K)]
  0x000002141d736d20 JavaThread "Execution worker Thread 5"         [_thread_blocked, id=9068, stack(0x000000fcba900000,0x000000fcbaa00000) (1024K)]
  0x000002141d737a40 JavaThread "Execution worker Thread 6"         [_thread_in_Java, id=22712, stack(0x000000fcbaa00000,0x000000fcbab00000) (1024K)]
  0x000002141d7380d0 JavaThread "Execution worker Thread 7"         [_thread_blocked, id=18700, stack(0x000000fcbab00000,0x000000fcbac00000) (1024K)]
  0x000002141d738760 JavaThread "Execution worker Thread 8"         [_thread_blocked, id=20796, stack(0x000000fcbac00000,0x000000fcbad00000) (1024K)]
  0x000002141d738df0 JavaThread "Execution worker Thread 9"         [_thread_blocked, id=23368, stack(0x000000fcbad00000,0x000000fcbae00000) (1024K)]
  0x00000213fc88e140 JavaThread "Execution worker Thread 10"        [_thread_blocked, id=22292, stack(0x000000fcbae00000,0x000000fcbaf00000) (1024K)]
  0x00000213fc88c700 JavaThread "Execution worker Thread 11"        [_thread_blocked, id=23948, stack(0x000000fcbb000000,0x000000fcbb100000) (1024K)]
  0x00000213fc8908a0 JavaThread "Cache worker for execution history cache (C:\flutter\packages\flutter_tools\gradle\.gradle\8.12\executionHistory)"        [_thread_blocked, id=16992, stack(0x000000fcbb100000,0x000000fcbb200000) (1024K)]
  0x00000213fc88e7d0 JavaThread "Unconstrained build operations Thread 23"        [_thread_blocked, id=18584, stack(0x000000fcbb300000,0x000000fcbb400000) (1024K)]
  0x00000213fc88f4f0 JavaThread "Unconstrained build operations Thread 24"        [_thread_blocked, id=23920, stack(0x000000fcbb400000,0x000000fcbb500000) (1024K)]
  0x00000213fc88d420 JavaThread "Unconstrained build operations Thread 25"        [_thread_blocked, id=21400, stack(0x000000fcbb500000,0x000000fcbb600000) (1024K)]
  0x00000213fc88dab0 JavaThread "Unconstrained build operations Thread 26"        [_thread_blocked, id=21800, stack(0x000000fcbb600000,0x000000fcbb700000) (1024K)]
  0x00000213fc890210 JavaThread "Unconstrained build operations Thread 27"        [_thread_blocked, id=13616, stack(0x000000fcbb700000,0x000000fcbb800000) (1024K)]
  0x00000213fc88ee60 JavaThread "Unconstrained build operations Thread 28"        [_thread_blocked, id=23540, stack(0x000000fcbb800000,0x000000fcbb900000) (1024K)]
  0x00000213fc889fa0 JavaThread "Unconstrained build operations Thread 29"        [_thread_blocked, id=23620, stack(0x000000fcbb900000,0x000000fcbba00000) (1024K)]
  0x00000213fc8915c0 JavaThread "Unconstrained build operations Thread 30"        [_thread_blocked, id=24500, stack(0x000000fcbba00000,0x000000fcbbb00000) (1024K)]
  0x00000213fc88a630 JavaThread "Unconstrained build operations Thread 31"        [_thread_blocked, id=23908, stack(0x000000fcbbb00000,0x000000fcbbc00000) (1024K)]
  0x00000213fc88fb80 JavaThread "Unconstrained build operations Thread 32"        [_thread_blocked, id=23216, stack(0x000000fcbbc00000,0x000000fcbbd00000) (1024K)]
  0x00000213fc8922e0 JavaThread "Unconstrained build operations Thread 33"        [_thread_blocked, id=19756, stack(0x000000fcbbd00000,0x000000fcbbe00000) (1024K)]
  0x00000213fc88b350 JavaThread "Unconstrained build operations Thread 34"        [_thread_blocked, id=11632, stack(0x000000fcbbe00000,0x000000fcbbf00000) (1024K)]
  0x00000213fc890f30 JavaThread "Unconstrained build operations Thread 35"        [_thread_blocked, id=13560, stack(0x000000fcbbf00000,0x000000fcbc000000) (1024K)]
  0x00000213fc88c070 JavaThread "Unconstrained build operations Thread 36"        [_thread_blocked, id=24000, stack(0x000000fcbc000000,0x000000fcbc100000) (1024K)]
  0x00000213fc891c50 JavaThread "Unconstrained build operations Thread 37"        [_thread_blocked, id=20308, stack(0x000000fcbc100000,0x000000fcbc200000) (1024K)]
  0x00000213fc892970 JavaThread "Unconstrained build operations Thread 38"        [_thread_blocked, id=17172, stack(0x000000fcbc200000,0x000000fcbc300000) (1024K)]
  0x00000213fc88cd90 JavaThread "Unconstrained build operations Thread 39"        [_thread_blocked, id=22784, stack(0x000000fcbc300000,0x000000fcbc400000) (1024K)]
  0x00000213fc88b9e0 JavaThread "Unconstrained build operations Thread 40"        [_thread_blocked, id=3008, stack(0x000000fcbc400000,0x000000fcbc500000) (1024K)]
  0x00000213fc897830 JavaThread "Unconstrained build operations Thread 41"        [_thread_blocked, id=21668, stack(0x000000fcbc500000,0x000000fcbc600000) (1024K)]
  0x00000213fc8950d0 JavaThread "Unconstrained build operations Thread 42"        [_thread_blocked, id=24184, stack(0x000000fcbc600000,0x000000fcbc700000) (1024K)]
  0x000002141d488bf0 JavaThread "Unconstrained build operations Thread 43"        [_thread_blocked, id=17620, stack(0x000000fcbc700000,0x000000fcbc800000) (1024K)]
  0x000002141d489280 JavaThread "Unconstrained build operations Thread 44"        [_thread_blocked, id=13676, stack(0x000000fcbc800000,0x000000fcbc900000) (1024K)]
  0x000002141d48a630 JavaThread "Unconstrained build operations Thread 45"        [_thread_blocked, id=19796, stack(0x000000fcbc900000,0x000000fcbca00000) (1024K)]
  0x000002141d483d30 JavaThread "Unconstrained build operations Thread 46"        [_thread_blocked, id=23208, stack(0x000000fcbca00000,0x000000fcbcb00000) (1024K)]
  0x000002141d48acc0 JavaThread "Unconstrained build operations Thread 47"        [_thread_blocked, id=23484, stack(0x000000fcbcb00000,0x000000fcbcc00000) (1024K)]
  0x000002141d48b350 JavaThread "Unconstrained build operations Thread 48"        [_thread_blocked, id=5016, stack(0x000000fcbcc00000,0x000000fcbcd00000) (1024K)]
  0x000002141d48b9e0 JavaThread "Unconstrained build operations Thread 49"        [_thread_blocked, id=19036, stack(0x000000fcbcd00000,0x000000fcbce00000) (1024K)]
  0x000002141d484a50 JavaThread "Unconstrained build operations Thread 50"        [_thread_blocked, id=22792, stack(0x000000fcbce00000,0x000000fcbcf00000) (1024K)]
  0x000002141d48c070 JavaThread "Unconstrained build operations Thread 51"        [_thread_blocked, id=20680, stack(0x000000fcbcf00000,0x000000fcbd000000) (1024K)]
  0x000002141d4850e0 JavaThread "Unconstrained build operations Thread 52"        [_thread_blocked, id=9272, stack(0x000000fcbd000000,0x000000fcbd100000) (1024K)]
  0x000002141d48c700 JavaThread "Unconstrained build operations Thread 53"        [_thread_blocked, id=23248, stack(0x000000fcbd100000,0x000000fcbd200000) (1024K)]
  0x000002141d485e00 JavaThread "Unconstrained build operations Thread 54"        [_thread_blocked, id=23028, stack(0x000000fcbd200000,0x000000fcbd300000) (1024K)]
  0x000002141d48cd90 JavaThread "Unconstrained build operations Thread 55"        [_thread_blocked, id=21280, stack(0x000000fcbd300000,0x000000fcbd400000) (1024K)]
  0x000002141d4915c0 JavaThread "Unconstrained build operations Thread 56"        [_thread_blocked, id=22384, stack(0x000000fcbd400000,0x000000fcbd500000) (1024K)]
  0x000002141d48fb80 JavaThread "Unconstrained build operations Thread 57"        [_thread_blocked, id=6220, stack(0x000000fcbd500000,0x000000fcbd600000) (1024K)]
  0x000002141d491c50 JavaThread "Unconstrained build operations Thread 58"        [_thread_blocked, id=19384, stack(0x000000fcbd600000,0x000000fcbd700000) (1024K)]
  0x000002141d4922e0 JavaThread "Unconstrained build operations Thread 59"        [_thread_blocked, id=9572, stack(0x000000fcbd700000,0x000000fcbd800000) (1024K)]
  0x000002141d48e140 JavaThread "Unconstrained build operations Thread 60"        [_thread_blocked, id=16576, stack(0x000000fcbd800000,0x000000fcbd900000) (1024K)]
  0x000002141d48d420 JavaThread "Unconstrained build operations Thread 61"        [_thread_blocked, id=12700, stack(0x000000fcbd900000,0x000000fcbda00000) (1024K)]
  0x000002141d490210 JavaThread "Unconstrained build operations Thread 62"        [_thread_blocked, id=15664, stack(0x000000fcbda00000,0x000000fcbdb00000) (1024K)]
  0x000002141d4908a0 JavaThread "Unconstrained build operations Thread 63"        [_thread_blocked, id=22520, stack(0x000000fcbdb00000,0x000000fcbdc00000) (1024K)]
  0x000002141d490f30 JavaThread "Unconstrained build operations Thread 64"        [_thread_blocked, id=2748, stack(0x000000fcbdc00000,0x000000fcbdd00000) (1024K)]
  0x0000021403345b70 JavaThread "Unconstrained build operations Thread 65"        [_thread_blocked, id=1440, stack(0x000000fcbdd00000,0x000000fcbde00000) (1024K)]
  0x0000021403342d80 JavaThread "Unconstrained build operations Thread 66"        [_thread_blocked, id=1520, stack(0x000000fcbde00000,0x000000fcbdf00000) (1024K)]
  0x0000021403348960 JavaThread "Unconstrained build operations Thread 67"        [_thread_blocked, id=24428, stack(0x000000fcbdf00000,0x000000fcbe000000) (1024K)]
  0x00000214033454e0 JavaThread "Unconstrained build operations Thread 68"        [_thread_blocked, id=21220, stack(0x000000fcbe100000,0x000000fcbe200000) (1024K)]
  0x0000021403343410 JavaThread "build event listener"              [_thread_blocked, id=21788, stack(0x000000fcbe200000,0x000000fcbe300000) (1024K)]
  0x00000214033447c0 JavaThread "Unconstrained build operations Thread 69"        [_thread_blocked, id=18884, stack(0x000000fcb8c00000,0x000000fcb8d00000) (1024K)]
  0x0000021403346200 JavaThread "Unconstrained build operations Thread 70"        [_thread_blocked, id=21508, stack(0x000000fcbe600000,0x000000fcbe700000) (1024K)]
  0x000002140334bde0 JavaThread "Unconstrained build operations Thread 71"        [_thread_blocked, id=22788, stack(0x000000fcbe700000,0x000000fcbe800000) (1024K)]
  0x000002140334e540 JavaThread "Unconstrained build operations Thread 72"        [_thread_blocked, id=23596, stack(0x000000fcbe800000,0x000000fcbe900000) (1024K)]
  0x000002140334deb0 JavaThread "Unconstrained build operations Thread 73"        [_thread_blocked, id=15148, stack(0x000000fcbe900000,0x000000fcbea00000) (1024K)]
  0x000002140334cb00 JavaThread "Unconstrained build operations Thread 74"        [_thread_blocked, id=24224, stack(0x000000fcbea00000,0x000000fcbeb00000) (1024K)]
  0x000002140334d190 JavaThread "Unconstrained build operations Thread 75"        [_thread_blocked, id=21804, stack(0x000000fcbeb00000,0x000000fcbec00000) (1024K)]
  0x000002140334d820 JavaThread "Unconstrained build operations Thread 76"        [_thread_blocked, id=17624, stack(0x000000fcbec00000,0x000000fcbed00000) (1024K)]
  0x00000214033475b0 JavaThread "Unconstrained build operations Thread 77"        [_thread_blocked, id=18580, stack(0x000000fcbed00000,0x000000fcbee00000) (1024K)]
  0x000002140334ebd0 JavaThread "Unconstrained build operations Thread 78"        [_thread_blocked, id=24108, stack(0x000000fcbee00000,0x000000fcbef00000) (1024K)]
  0x000002140334f8f0 JavaThread "Unconstrained build operations Thread 79"        [_thread_blocked, id=9444, stack(0x000000fcbef00000,0x000000fcbf000000) (1024K)]
  0x000002140334ff80 JavaThread "Unconstrained build operations Thread 80"        [_thread_blocked, id=22588, stack(0x000000fcbf000000,0x000000fcbf100000) (1024K)]
  0x0000021403350610 JavaThread "Unconstrained build operations Thread 81"        [_thread_blocked, id=23404, stack(0x000000fcbf100000,0x000000fcbf200000) (1024K)]
  0x0000021403350ca0 JavaThread "Unconstrained build operations Thread 82"        [_thread_blocked, id=19320, stack(0x000000fcbf200000,0x000000fcbf300000) (1024K)]
  0x0000021417898ee0 JavaThread "Unconstrained build operations Thread 83"        [_thread_blocked, id=21640, stack(0x000000fcbf300000,0x000000fcbf400000) (1024K)]
  0x00000214178974a0 JavaThread "Unconstrained build operations Thread 84"        [_thread_blocked, id=24076, stack(0x000000fcbf400000,0x000000fcbf500000) (1024K)]
  0x0000021417893300 JavaThread "Unconstrained build operations Thread 85"        [_thread_blocked, id=18400, stack(0x000000fcbf500000,0x000000fcbf600000) (1024K)]
  0x0000021417897b30 JavaThread "Unconstrained build operations Thread 86"        [_thread_blocked, id=22084, stack(0x000000fcbf600000,0x000000fcbf700000) (1024K)]
  0x0000021417894020 JavaThread "Unconstrained build operations Thread 87"        [_thread_blocked, id=9440, stack(0x000000fcbf700000,0x000000fcbf800000) (1024K)]
  0x00000214178946b0 JavaThread "Unconstrained build operations Thread 88"        [_thread_blocked, id=22592, stack(0x000000fcbf800000,0x000000fcbf900000) (1024K)]
  0x0000021417894d40 JavaThread "Unconstrained build operations Thread 89"        [_thread_blocked, id=24472, stack(0x000000fcbf900000,0x000000fcbfa00000) (1024K)]
  0x0000021417892c70 JavaThread "Unconstrained build operations Thread 90"        [_thread_blocked, id=4600, stack(0x000000fcbfa00000,0x000000fcbfb00000) (1024K)]
  0x00000214178981c0 JavaThread "Problems report writer"            [_thread_blocked, id=24440, stack(0x000000fcbfc00000,0x000000fcbfd00000) (1024K)]
  0x0000021417899c00 JavaThread "Unconstrained build operations Thread 91"        [_thread_blocked, id=23808, stack(0x000000fcbfd00000,0x000000fcbfe00000) (1024K)]
  0x00000214178953d0 JavaThread "Unconstrained build operations Thread 92"        [_thread_in_Java, id=23568, stack(0x000000fcbfe00000,0x000000fcbff00000) (1024K)]
  0x0000021417895a60 JavaThread "Unconstrained build operations Thread 93"        [_thread_in_Java, id=11648, stack(0x000000fcbff00000,0x000000fcc0000000) (1024K)]
  0x0000021417899570 JavaThread "Unconstrained build operations Thread 94"        [_thread_in_Java, id=23500, stack(0x000000fcc0000000,0x000000fcc0100000) (1024K)]
  0x00000214178960f0 JavaThread "Unconstrained build operations Thread 95"        [_thread_in_Java, id=12336, stack(0x000000fcc0100000,0x000000fcc0200000) (1024K)]
  0x0000021417896780 JavaThread "Unconstrained build operations Thread 96"        [_thread_blocked, id=1128, stack(0x000000fcc0200000,0x000000fcc0300000) (1024K)]
  0x000002141789a290 JavaThread "Unconstrained build operations Thread 97"        [_thread_blocked, id=19296, stack(0x000000fcc0300000,0x000000fcc0400000) (1024K)]
  0x0000021417896e10 JavaThread "Unconstrained build operations Thread 98"        [_thread_blocked, id=1296, stack(0x000000fcc0400000,0x000000fcc0500000) (1024K)]
  0x000002141747b050 JavaThread "Unconstrained build operations Thread 99"        [_thread_in_Java, id=23800, stack(0x000000fcc0500000,0x000000fcc0600000) (1024K)]
  0x000002141747c400 JavaThread "Unconstrained build operations Thread 100"        [_thread_blocked, id=14440, stack(0x000000fcc0600000,0x000000fcc0700000) (1024K)]
  0x000002141747b6e0 JavaThread "Unconstrained build operations Thread 101"        [_thread_blocked, id=24516, stack(0x000000fcc0700000,0x000000fcc0800000) (1024K)]
  0x000002141747bd70 JavaThread "Unconstrained build operations Thread 102"        [_thread_blocked, id=22464, stack(0x000000fcc0800000,0x000000fcc0900000) (1024K)]
  0x0000021417477bd0 JavaThread "Unconstrained build operations Thread 103"        [_thread_in_vm, id=16464, stack(0x000000fcc0a00000,0x000000fcc0b00000) (1024K)]
  0x000002141747e4d0 JavaThread "Unconstrained build operations Thread 104"        [_thread_blocked, id=22772, stack(0x000000fcc0b00000,0x000000fcc0c00000) (1024K)]
  0x000002141747d120 JavaThread "Unconstrained build operations Thread 105"        [_thread_blocked, id=21424, stack(0x000000fcc0c00000,0x000000fcc0d00000) (1024K)]
  0x0000021417478f80 JavaThread "Unconstrained build operations Thread 106"        [_thread_blocked, id=23344, stack(0x000000fcc0d00000,0x000000fcc0e00000) (1024K)]
  0x000002141747d7b0 JavaThread "Unconstrained build operations Thread 107"        [_thread_blocked, id=5928, stack(0x000000fcc0e00000,0x000000fcc0f00000) (1024K)]
  0x0000021417478260 JavaThread "Unconstrained build operations Thread 108"        [_thread_blocked, id=7908, stack(0x000000fcc0f00000,0x000000fcc1000000) (1024K)]
  0x0000021417477540 JavaThread "Unconstrained build operations Thread 109"        [_thread_blocked, id=21652, stack(0x000000fcc1000000,0x000000fcc1100000) (1024K)]
  0x000002141747eb60 JavaThread "Unconstrained build operations Thread 110"        [_thread_blocked, id=20720, stack(0x000000fcc1100000,0x000000fcc1200000) (1024K)]
  0x0000021405a74870 JavaThread "Unconstrained build operations Thread 111"        [_thread_blocked, id=15532, stack(0x000000fcc1200000,0x000000fcc1300000) (1024K)]
  0x0000021405a75c20 JavaThread "Unconstrained build operations Thread 112"        [_thread_blocked, id=6616, stack(0x000000fcc1300000,0x000000fcc1400000) (1024K)]
  0x0000021405a762b0 JavaThread "Unconstrained build operations Thread 113"        [_thread_blocked, id=8900, stack(0x000000fcc1400000,0x000000fcc1500000) (1024K)]
  0x0000021405a77cf0 JavaThread "Unconstrained build operations Thread 114"        [_thread_blocked, id=15460, stack(0x000000fcc1500000,0x000000fcc1600000) (1024K)]
  0x0000021405a70d60 JavaThread "Unconstrained build operations Thread 115"        [_thread_blocked, id=13528, stack(0x000000fcc1600000,0x000000fcc1700000) (1024K)]
  0x0000021405a78380 JavaThread "Unconstrained build operations Thread 116"        [_thread_blocked, id=23428, stack(0x000000fcc1700000,0x000000fcc1800000) (1024K)]
  0x0000021405a713f0 JavaThread "Unconstrained build operations Thread 117"        [_thread_blocked, id=22568, stack(0x000000fcc1800000,0x000000fcc1900000) (1024K)]
  0x0000021405a71a80 JavaThread "Unconstrained build operations Thread 118"        [_thread_blocked, id=17672, stack(0x000000fcc1900000,0x000000fcc1a00000) (1024K)]
  0x0000021405a727a0 JavaThread "Unconstrained build operations Thread 119"        [_thread_blocked, id=23296, stack(0x000000fcc1a00000,0x000000fcc1b00000) (1024K)]
  0x0000021405a72110 JavaThread "Unconstrained build operations Thread 120"        [_thread_blocked, id=3616, stack(0x000000fcc1b00000,0x000000fcc1c00000) (1024K)]
  0x000002140919e790 JavaThread "Cache worker for execution history cache (C:\Users\lugtu\Downloads\Infini-Stock\mobile-app\android\.gradle\8.12\executionHistory)"        [_thread_blocked, id=11292, stack(0x000000fcc1c00000,0x000000fcc1d00000) (1024K)]
  0x00000214091a1c10 JavaThread "Exec process"                      [_thread_blocked, id=21924, stack(0x000000fcc1e00000,0x000000fcc1f00000) (1024K)]
  0x00000214091a3650 JavaThread "Exec process Thread 2"             [_thread_blocked, id=22180, stack(0x000000fcc1f00000,0x000000fcc2000000) (1024K)]
  0x00000214091a4370 JavaThread "Exec process Thread 3"             [_thread_blocked, id=15860, stack(0x000000fcc2000000,0x000000fcc2100000) (1024K)]
  0x000002140919d3e0 JavaThread "WorkerExecutor Queue"              [_thread_blocked, id=22108, stack(0x000000fcbfb00000,0x000000fcbfc00000) (1024K)]
  0x000002140919f4b0 JavaThread "WorkerExecutor Queue Thread 2"        [_thread_blocked, id=12828, stack(0x000000fcc2100000,0x000000fcc2200000) (1024K)]
  0x00000214091a0860 JavaThread "WorkerExecutor Queue Thread 3"        [_thread_blocked, id=6528, stack(0x000000fcc2200000,0x000000fcc2300000) (1024K)]
  0x000002140919da70 JavaThread "WorkerExecutor Queue Thread 4"        [_thread_blocked, id=22816, stack(0x000000fcc2300000,0x000000fcc2400000) (1024K)]
  0x0000021404412420 JavaThread "WorkerExecutor Queue Thread 6"        [_thread_blocked, id=22396, stack(0x000000fcc2700000,0x000000fcc2800000) (1024K)]
  0x000002140440b490 JavaThread "WorkerExecutor Queue Thread 7"        [_thread_in_native, id=19912, stack(0x000000fcc2800000,0x000000fcc2900000) (1024K)]
  0x0000021404412ab0 JavaThread "WorkerExecutor Queue Thread 8"        [_thread_blocked, id=21328, stack(0x000000fcc2500000,0x000000fcc2600000) (1024K)]
  0x0000021401cb85e0 JavaThread "WorkerExecutor Queue Thread 9"        [_thread_blocked, id=1056, stack(0x000000fcc2900000,0x000000fcc2a00000) (1024K)]
  0x0000021401cb6ba0 JavaThread "WorkerExecutor Queue Thread 10"        [_thread_blocked, id=22672, stack(0x000000fcc2a00000,0x000000fcc2b00000) (1024K)]
  0x0000021401cb57f0 JavaThread "WorkerExecutor Queue Thread 11"        [_thread_blocked, id=21100, stack(0x000000fcc2b00000,0x000000fcc2c00000) (1024K)]
  0x0000021401cb7230 JavaThread "WorkerExecutor Queue Thread 12"        [_thread_blocked, id=23960, stack(0x000000fcc2c00000,0x000000fcc2d00000) (1024K)]
  0x0000021401cb5e80 JavaThread "WorkerExecutor Queue Thread 13"        [_thread_blocked, id=24112, stack(0x000000fcc2d00000,0x000000fcc2e00000) (1024K)]
  0x000002141e6874d0 JavaThread "pool-4-thread-1"                   [_thread_blocked, id=14092, stack(0x000000fcc2600000,0x000000fcc2700000) (1024K)]
  0x000002141e686e40 JavaThread "stderr"                            [_thread_in_native, id=22144, stack(0x000000fcc2e00000,0x000000fcc2f00000) (1024K)]
  0x000002141e68bd00 JavaThread "stdout"                            [_thread_in_native, id=12928, stack(0x000000fcc2f00000,0x000000fcc3000000) (1024K)]
  0x000002141e688880 JavaThread "stderr"                            [_thread_in_native, id=8328, stack(0x000000fcc3100000,0x000000fcc3200000) (1024K)]
  0x000002141e689c30 JavaThread "stdout"                            [_thread_in_native, id=20284, stack(0x000000fcc3200000,0x000000fcc3300000) (1024K)]
  0x000002141e68d740 JavaThread "RMI TCP Accept-0"           daemon [_thread_in_native, id=6684, stack(0x000000fcc2400000,0x000000fcc2500000) (1024K)]
  0x000002141e68b670 JavaThread "RMI TCP Connection(idle)"   daemon [_thread_blocked, id=19816, stack(0x000000fcc3000000,0x000000fcc3100000) (1024K)]
  0x000002141e6867b0 JavaThread "RMI TCP Connection(idle)"   daemon [_thread_blocked, id=21052, stack(0x000000fcc3500000,0x000000fcc3600000) (1024K)]
  0x000002141e68f180 JavaThread "Cache worker for Java compile cache (C:\Users\lugtu\.gradle\caches\8.12\javaCompile)"        [_thread_blocked, id=22024, stack(0x000000fcc3300000,0x000000fcc3400000) (1024K)]
  0x000002141e6946d0 JavaThread "Build operations"                  [_thread_blocked, id=10804, stack(0x000000fcc3700000,0x000000fcc3800000) (1024K)]
  0x000002141e6881f0 JavaThread "Build operations Thread 2"         [_thread_blocked, id=19136, stack(0x000000fcc3800000,0x000000fcc3900000) (1024K)]
  0x000002141e692c90 JavaThread "Build operations Thread 3"         [_thread_blocked, id=19112, stack(0x000000fcc3900000,0x000000fcc3a00000) (1024K)]
  0x000002141e691f70 JavaThread "Build operations Thread 4"         [_thread_blocked, id=10520, stack(0x000000fcc3a00000,0x000000fcc3b00000) (1024K)]
  0x000002141e6939b0 JavaThread "Build operations Thread 5"         [_thread_blocked, id=23856, stack(0x000000fcc3b00000,0x000000fcc3c00000) (1024K)]
  0x000002141e690530 JavaThread "Build operations Thread 6"         [_thread_blocked, id=24060, stack(0x000000fcc3c00000,0x000000fcc3d00000) (1024K)]
  0x000002141e693320 JavaThread "Build operations Thread 7"         [_thread_blocked, id=22364, stack(0x000000fcc3d00000,0x000000fcc3e00000) (1024K)]
  0x000002141e6967a0 JavaThread "Build operations Thread 8"         [_thread_blocked, id=21980, stack(0x000000fcc3e00000,0x000000fcc3f00000) (1024K)]
  0x000002141e694040 JavaThread "Build operations Thread 9"         [_thread_blocked, id=17740, stack(0x000000fcc3f00000,0x000000fcc4000000) (1024K)]
  0x000002141e6953f0 JavaThread "Build operations Thread 10"        [_thread_blocked, id=23612, stack(0x000000fcc4000000,0x000000fcc4100000) (1024K)]
  0x000002141e695a80 JavaThread "Build operations Thread 11"        [_thread_blocked, id=21072, stack(0x000000fcc4100000,0x000000fcc4200000) (1024K)]
  0x000002141e69d730 JavaThread "RMI TCP Connection(idle)"   daemon [_thread_blocked, id=16904, stack(0x000000fcc4200000,0x000000fcc4300000) (1024K)]
  0x0000021421543050 JavaThread "Build operations Thread 12"        [_thread_blocked, id=4880, stack(0x000000fcc3400000,0x000000fcc3500000) (1024K)]
  0x000002141fcd73b0 JavaThread "C2 CompilerThread1"         daemon [_thread_in_native, id=19440, stack(0x000000fcc4300000,0x000000fcc4400000) (1024K)]
=>0x00000214045b13d0 JavaThread "C2 CompilerThread2"         daemon [_thread_in_native, id=22552, stack(0x000000fcc3600000,0x000000fcc3700000) (1024K)]
Total: 218

Other Threads:
  0x00000213fb7541b0 VMThread "VM Thread"                           [id=24368, stack(0x000000fcb6000000,0x000000fcb6100000) (1024K)]
  0x00000213fb73ba60 WatcherThread "VM Periodic Task Thread"        [id=11652, stack(0x000000fcb5f00000,0x000000fcb6000000) (1024K)]
  0x00000213c48956c0 WorkerThread "GC Thread#0"                     [id=24208, stack(0x000000fcb5a00000,0x000000fcb5b00000) (1024K)]
  0x00000213fc6311e0 WorkerThread "GC Thread#1"                     [id=23600, stack(0x000000fcb6c00000,0x000000fcb6d00000) (1024K)]
  0x00000213fc6a6cd0 WorkerThread "GC Thread#2"                     [id=23636, stack(0x000000fcb6d00000,0x000000fcb6e00000) (1024K)]
  0x00000213fc42d230 WorkerThread "GC Thread#3"                     [id=19492, stack(0x000000fcb6e00000,0x000000fcb6f00000) (1024K)]
  0x00000213fc4107c0 WorkerThread "GC Thread#4"                     [id=19284, stack(0x000000fcb6f00000,0x000000fcb7000000) (1024K)]
  0x0000021401d6adf0 WorkerThread "GC Thread#5"                     [id=21260, stack(0x000000fcb7000000,0x000000fcb7100000) (1024K)]
  0x0000021401f76990 WorkerThread "GC Thread#6"                     [id=23836, stack(0x000000fcb7100000,0x000000fcb7200000) (1024K)]
  0x0000021401d70b70 WorkerThread "GC Thread#7"                     [id=24476, stack(0x000000fcb7200000,0x000000fcb7300000) (1024K)]
  0x0000021401cb4360 WorkerThread "GC Thread#8"                     [id=22440, stack(0x000000fcb8100000,0x000000fcb8200000) (1024K)]
  0x0000021401cb3c20 WorkerThread "GC Thread#9"                     [id=21856, stack(0x000000fcb8200000,0x000000fcb8300000) (1024K)]
  0x00000213c48a7860 ConcurrentGCThread "G1 Main Marker"            [id=21036, stack(0x000000fcb5b00000,0x000000fcb5c00000) (1024K)]
  0x00000213c48a8b00 WorkerThread "G1 Conc#0"                       [id=19544, stack(0x000000fcb5c00000,0x000000fcb5d00000) (1024K)]
  0x0000021402592810 WorkerThread "G1 Conc#1"                       [id=23164, stack(0x000000fcb8300000,0x000000fcb8400000) (1024K)]
  0x0000021402592f50 WorkerThread "G1 Conc#2"                       [id=24180, stack(0x000000fcb8400000,0x000000fcb8500000) (1024K)]
  0x00000213fb60a890 ConcurrentGCThread "G1 Refine#0"               [id=13580, stack(0x000000fcb5d00000,0x000000fcb5e00000) (1024K)]
  0x00000213fb60b400 ConcurrentGCThread "G1 Service"                [id=14812, stack(0x000000fcb5e00000,0x000000fcb5f00000) (1024K)]
Total: 18

Threads with active compile tasks:
C2 CompilerThread0   663764 61720 %     4       com.android.tools.r8.internal.pn::b @ 572 (3711 bytes)
C2 CompilerThread1   663764 61734 %     4       com.android.tools.r8.internal.IR::a @ 1126 (2004 bytes)
C2 CompilerThread2   663764 61687 %     4       com.android.tools.r8.internal.y50::a @ 368 (500 bytes)
Total: 3

VM state: not at safepoint (normal execution)

VM Mutex/Monitor currently owned by a thread: None

Heap address: 0x0000000600000000, size: 8192 MB, Compressed Oops mode: Zero based, Oop shift amount: 3

CDS archive(s) mapped at: [0x0000021380000000-0x0000021380c90000-0x0000021380c90000), size 13172736, SharedBaseAddress: 0x0000021380000000, ArchiveRelocationMode: 1.
Compressed class space mapped at: 0x0000021381000000-0x00000213c1000000, reserved size: 1073741824
Narrow klass base: 0x0000021380000000, Narrow klass shift: 0, Narrow klass range: 0x100000000

GC Precious Log:
 CardTable entry size: 512
 Card Set container configuration: InlinePtr #cards 4 size 8 Array Of Cards #cards 32 size 80 Howl #buckets 8 coarsen threshold 7372 Howl Bitmap #cards 1024 size 144 coarsen threshold 921 Card regions per heap region 1 cards per card region 8192
 CPUs: 12 total, 12 available
 Memory: 13100M
 Large Page Support: Disabled
 NUMA Support: Disabled
 Compressed Oops: Enabled (Zero based)
 Heap Region Size: 4M
 Heap Min Capacity: 8M
 Heap Initial Capacity: 208M
 Heap Max Capacity: 8G
 Pre-touch: Disabled
 Parallel Workers: 10
 Concurrent Workers: 3
 Concurrent Refinement Workers: 10
 Periodic GC: Disabled

Heap:
 garbage-first heap   total 5525504K, used 2839446K [0x0000000600000000, 0x0000000800000000)
  region size 4096K, 548 young (2244608K), 4 survivors (16384K)
 Metaspace       used 270391K, committed 273856K, reserved 1310720K
  class space    used 33562K, committed 35264K, reserved 1048576K

Heap Regions: E=young(eden), S=young(survivor), O=old, HS=humongous(starts), HC=humongous(continues), CS=collection set, F=free, TAMS=top-at-mark-start, PB=parsable bottom
|   0|0x0000000600000000, 0x0000000600400000, 0x0000000600400000|100%|HS|  |TAMS 0x0000000600000000| PB 0x0000000600000000| Complete 
|   1|0x0000000600400000, 0x0000000600800000, 0x0000000600800000|100%| O|  |TAMS 0x0000000600400000| PB 0x0000000600400000| Untracked 
|   2|0x0000000600800000, 0x0000000600c00000, 0x0000000600c00000|100%| O|  |TAMS 0x0000000600800000| PB 0x0000000600800000| Untracked 
|   3|0x0000000600c00000, 0x0000000601000000, 0x0000000601000000|100%| O|  |TAMS 0x0000000600c00000| PB 0x0000000600c00000| Untracked 
|   4|0x0000000601000000, 0x0000000601400000, 0x0000000601400000|100%| O|  |TAMS 0x0000000601000000| PB 0x0000000601000000| Untracked 
|   5|0x0000000601400000, 0x0000000601800000, 0x0000000601800000|100%| O|  |TAMS 0x0000000601400000| PB 0x0000000601400000| Untracked 
|   6|0x0000000601800000, 0x0000000601800000, 0x0000000601c00000|  0%| F|  |TAMS 0x0000000601800000| PB 0x0000000601800000| Untracked 
|   7|0x0000000601c00000, 0x0000000602000000, 0x0000000602000000|100%| O|  |TAMS 0x0000000601c00000| PB 0x0000000601c00000| Untracked 
|   8|0x0000000602000000, 0x0000000602400000, 0x0000000602400000|100%| O|  |TAMS 0x0000000602000000| PB 0x0000000602000000| Untracked 
|   9|0x0000000602400000, 0x0000000602800000, 0x0000000602800000|100%| O|  |TAMS 0x0000000602400000| PB 0x0000000602400000| Untracked 
|  10|0x0000000602800000, 0x0000000602c00000, 0x0000000602c00000|100%| O|  |TAMS 0x0000000602800000| PB 0x0000000602800000| Untracked 
|  11|0x0000000602c00000, 0x0000000603000000, 0x0000000603000000|100%| O|  |TAMS 0x0000000602c00000| PB 0x0000000602c00000| Untracked 
|  12|0x0000000603000000, 0x0000000603400000, 0x0000000603400000|100%| O|  |TAMS 0x0000000603000000| PB 0x0000000603000000| Untracked 
|  13|0x0000000603400000, 0x0000000603800000, 0x0000000603800000|100%| O|  |TAMS 0x0000000603400000| PB 0x0000000603400000| Untracked 
|  14|0x0000000603800000, 0x0000000603c00000, 0x0000000603c00000|100%| O|  |TAMS 0x0000000603800000| PB 0x0000000603800000| Untracked 
|  15|0x0000000603c00000, 0x0000000604000000, 0x0000000604000000|100%| O|  |TAMS 0x0000000603c00000| PB 0x0000000603c00000| Untracked 
|  16|0x0000000604000000, 0x0000000604000000, 0x0000000604400000|  0%| F|  |TAMS 0x0000000604000000| PB 0x0000000604000000| Untracked 
|  17|0x0000000604400000, 0x0000000604800000, 0x0000000604800000|100%| O|  |TAMS 0x0000000604400000| PB 0x0000000604400000| Untracked 
|  18|0x0000000604800000, 0x0000000604c00000, 0x0000000604c00000|100%| O|  |TAMS 0x0000000604800000| PB 0x0000000604800000| Untracked 
|  19|0x0000000604c00000, 0x0000000605000000, 0x0000000605000000|100%| O|  |TAMS 0x0000000604c00000| PB 0x0000000604c00000| Untracked 
|  20|0x0000000605000000, 0x0000000605400000, 0x0000000605400000|100%| O|  |TAMS 0x0000000605000000| PB 0x0000000605000000| Untracked 
|  21|0x0000000605400000, 0x0000000605800000, 0x0000000605800000|100%| O|  |TAMS 0x0000000605400000| PB 0x0000000605400000| Untracked 
|  22|0x0000000605800000, 0x0000000605c00000, 0x0000000605c00000|100%| O|  |TAMS 0x0000000605800000| PB 0x0000000605800000| Untracked 
|  23|0x0000000605c00000, 0x0000000606000000, 0x0000000606000000|100%|HS|  |TAMS 0x0000000605c00000| PB 0x0000000605c00000| Complete 
|  24|0x0000000606000000, 0x0000000606400000, 0x0000000606400000|100%| O|  |TAMS 0x0000000606000000| PB 0x0000000606000000| Untracked 
|  25|0x0000000606400000, 0x0000000606800000, 0x0000000606800000|100%| O|  |TAMS 0x0000000606400000| PB 0x0000000606400000| Untracked 
|  26|0x0000000606800000, 0x0000000606c00000, 0x0000000606c00000|100%|HS|  |TAMS 0x0000000606800000| PB 0x0000000606800000| Complete 
|  27|0x0000000606c00000, 0x0000000606d62a00, 0x0000000607000000| 34%| O|  |TAMS 0x0000000606c00000| PB 0x0000000606c00000| Untracked 
|  28|0x0000000607000000, 0x0000000607400000, 0x0000000607400000|100%| O|  |TAMS 0x0000000607000000| PB 0x0000000607000000| Untracked 
|  29|0x0000000607400000, 0x0000000607800000, 0x0000000607800000|100%| O|  |TAMS 0x0000000607400000| PB 0x0000000607400000| Untracked 
|  30|0x0000000607800000, 0x0000000607c00000, 0x0000000607c00000|100%| O|  |TAMS 0x0000000607800000| PB 0x0000000607800000| Untracked 
|  31|0x0000000607c00000, 0x0000000608000000, 0x0000000608000000|100%| O|  |TAMS 0x0000000607c00000| PB 0x0000000607c00000| Untracked 
|  32|0x0000000608000000, 0x0000000608400000, 0x0000000608400000|100%| O|  |TAMS 0x0000000608000000| PB 0x0000000608000000| Untracked 
|  33|0x0000000608400000, 0x0000000608800000, 0x0000000608800000|100%| O|  |TAMS 0x0000000608400000| PB 0x0000000608400000| Untracked 
|  34|0x0000000608800000, 0x0000000608c00000, 0x0000000608c00000|100%| O|  |TAMS 0x0000000608800000| PB 0x0000000608800000| Untracked 
|  35|0x0000000608c00000, 0x0000000609000000, 0x0000000609000000|100%| O|  |TAMS 0x0000000608c00000| PB 0x0000000608c00000| Untracked 
|  36|0x0000000609000000, 0x0000000609400000, 0x0000000609400000|100%| O|  |TAMS 0x0000000609000000| PB 0x0000000609000000| Untracked 
|  37|0x0000000609400000, 0x0000000609800000, 0x0000000609800000|100%| O|  |TAMS 0x0000000609400000| PB 0x0000000609400000| Untracked 
|  38|0x0000000609800000, 0x0000000609c00000, 0x0000000609c00000|100%| O|  |TAMS 0x0000000609800000| PB 0x0000000609800000| Untracked 
|  39|0x0000000609c00000, 0x000000060a000000, 0x000000060a000000|100%| O|  |TAMS 0x0000000609c00000| PB 0x0000000609c00000| Untracked 
|  40|0x000000060a000000, 0x000000060a400000, 0x000000060a400000|100%| O|  |TAMS 0x000000060a000000| PB 0x000000060a000000| Untracked 
|  41|0x000000060a400000, 0x000000060a800000, 0x000000060a800000|100%| O|  |TAMS 0x000000060a400000| PB 0x000000060a400000| Untracked 
|  42|0x000000060a800000, 0x000000060ac00000, 0x000000060ac00000|100%| O|  |TAMS 0x000000060a800000| PB 0x000000060a800000| Untracked 
|  43|0x000000060ac00000, 0x000000060b000000, 0x000000060b000000|100%| O|  |TAMS 0x000000060ac00000| PB 0x000000060ac00000| Untracked 
|  44|0x000000060b000000, 0x000000060b400000, 0x000000060b400000|100%| O|  |TAMS 0x000000060b000000| PB 0x000000060b000000| Untracked 
|  45|0x000000060b400000, 0x000000060b800000, 0x000000060b800000|100%| O|  |TAMS 0x000000060b400000| PB 0x000000060b400000| Untracked 
|  46|0x000000060b800000, 0x000000060bc00000, 0x000000060bc00000|100%| O|  |TAMS 0x000000060b800000| PB 0x000000060b800000| Untracked 
|  47|0x000000060bc00000, 0x000000060c000000, 0x000000060c000000|100%| O|  |TAMS 0x000000060bc00000| PB 0x000000060bc00000| Untracked 
|  48|0x000000060c000000, 0x000000060c400000, 0x000000060c400000|100%| O|  |TAMS 0x000000060c000000| PB 0x000000060c000000| Untracked 
|  49|0x000000060c400000, 0x000000060c800000, 0x000000060c800000|100%| O|  |TAMS 0x000000060c400000| PB 0x000000060c400000| Untracked 
|  50|0x000000060c800000, 0x000000060cc00000, 0x000000060cc00000|100%| O|  |TAMS 0x000000060c800000| PB 0x000000060c800000| Untracked 
|  51|0x000000060cc00000, 0x000000060d000000, 0x000000060d000000|100%|HS|  |TAMS 0x000000060cc00000| PB 0x000000060cc00000| Complete 
|  52|0x000000060d000000, 0x000000060d400000, 0x000000060d400000|100%| O|  |TAMS 0x000000060d000000| PB 0x000000060d000000| Untracked 
|  53|0x000000060d400000, 0x000000060d800000, 0x000000060d800000|100%| O|  |TAMS 0x000000060d400000| PB 0x000000060d400000| Untracked 
|  54|0x000000060d800000, 0x000000060dc00000, 0x000000060dc00000|100%| O|  |TAMS 0x000000060d800000| PB 0x000000060d800000| Untracked 
|  55|0x000000060dc00000, 0x000000060e000000, 0x000000060e000000|100%| O|  |TAMS 0x000000060dc00000| PB 0x000000060dc00000| Untracked 
|  56|0x000000060e000000, 0x000000060e400000, 0x000000060e400000|100%| O|  |TAMS 0x000000060e000000| PB 0x000000060e000000| Untracked 
|  57|0x000000060e400000, 0x000000060e800000, 0x000000060e800000|100%| O|  |TAMS 0x000000060e400000| PB 0x000000060e400000| Untracked 
|  58|0x000000060e800000, 0x000000060ec00000, 0x000000060ec00000|100%| O|  |TAMS 0x000000060e800000| PB 0x000000060e800000| Untracked 
|  59|0x000000060ec00000, 0x000000060f000000, 0x000000060f000000|100%| O|  |TAMS 0x000000060ec00000| PB 0x000000060ec00000| Untracked 
|  60|0x000000060f000000, 0x000000060f000000, 0x000000060f400000|  0%| F|  |TAMS 0x000000060f000000| PB 0x000000060f000000| Untracked 
|  61|0x000000060f400000, 0x000000060f800000, 0x000000060f800000|100%| O|  |TAMS 0x000000060f400000| PB 0x000000060f400000| Untracked 
|  62|0x000000060f800000, 0x000000060f800000, 0x000000060fc00000|  0%| F|  |TAMS 0x000000060f800000| PB 0x000000060f800000| Untracked 
|  63|0x000000060fc00000, 0x0000000610000000, 0x0000000610000000|100%| O|  |TAMS 0x000000060fc00000| PB 0x000000060fc00000| Untracked 
|  64|0x0000000610000000, 0x0000000610400000, 0x0000000610400000|100%| O|  |TAMS 0x0000000610000000| PB 0x0000000610000000| Untracked 
|  65|0x0000000610400000, 0x0000000610800000, 0x0000000610800000|100%| O|  |TAMS 0x0000000610400000| PB 0x0000000610400000| Untracked 
|  66|0x0000000610800000, 0x0000000610c00000, 0x0000000610c00000|100%| O|  |TAMS 0x0000000610800000| PB 0x0000000610800000| Untracked 
|  67|0x0000000610c00000, 0x0000000611000000, 0x0000000611000000|100%| O|  |TAMS 0x0000000610c00000| PB 0x0000000610c00000| Untracked 
|  68|0x0000000611000000, 0x0000000611400000, 0x0000000611400000|100%| O|  |TAMS 0x0000000611000000| PB 0x0000000611000000| Untracked 
|  69|0x0000000611400000, 0x0000000611800000, 0x0000000611800000|100%| O|  |TAMS 0x0000000611400000| PB 0x0000000611400000| Untracked 
|  70|0x0000000611800000, 0x0000000611c00000, 0x0000000611c00000|100%| O|  |TAMS 0x0000000611800000| PB 0x0000000611800000| Untracked 
|  71|0x0000000611c00000, 0x0000000612000000, 0x0000000612000000|100%| O|  |TAMS 0x0000000611c00000| PB 0x0000000611c00000| Untracked 
|  72|0x0000000612000000, 0x0000000612400000, 0x0000000612400000|100%| O|  |TAMS 0x0000000612000000| PB 0x0000000612000000| Untracked 
|  73|0x0000000612400000, 0x0000000612800000, 0x0000000612800000|100%| O|  |TAMS 0x0000000612400000| PB 0x0000000612400000| Untracked 
|  74|0x0000000612800000, 0x0000000612c00000, 0x0000000612c00000|100%| O|  |TAMS 0x0000000612800000| PB 0x0000000612800000| Untracked 
|  75|0x0000000612c00000, 0x0000000613000000, 0x0000000613000000|100%| O|  |TAMS 0x0000000612c00000| PB 0x0000000612c00000| Untracked 
|  76|0x0000000613000000, 0x0000000613400000, 0x0000000613400000|100%| O|  |TAMS 0x0000000613000000| PB 0x0000000613000000| Untracked 
|  77|0x0000000613400000, 0x0000000613800000, 0x0000000613800000|100%| O|  |TAMS 0x0000000613400000| PB 0x0000000613400000| Untracked 
|  78|0x0000000613800000, 0x0000000613c00000, 0x0000000613c00000|100%| O|  |TAMS 0x0000000613800000| PB 0x0000000613800000| Untracked 
|  79|0x0000000613c00000, 0x0000000614000000, 0x0000000614000000|100%| O|  |TAMS 0x0000000613c00000| PB 0x0000000613c00000| Untracked 
|  80|0x0000000614000000, 0x0000000614400000, 0x0000000614400000|100%| O|  |TAMS 0x0000000614000000| PB 0x0000000614000000| Untracked 
|  81|0x0000000614400000, 0x0000000614800000, 0x0000000614800000|100%| O|  |TAMS 0x0000000614400000| PB 0x0000000614400000| Untracked 
|  82|0x0000000614800000, 0x0000000614c00000, 0x0000000614c00000|100%| O|  |TAMS 0x0000000614800000| PB 0x0000000614800000| Untracked 
|  83|0x0000000614c00000, 0x0000000615000000, 0x0000000615000000|100%| O|  |TAMS 0x0000000614c00000| PB 0x0000000614c00000| Untracked 
|  84|0x0000000615000000, 0x0000000615400000, 0x0000000615400000|100%| O|  |TAMS 0x0000000615000000| PB 0x0000000615000000| Untracked 
|  85|0x0000000615400000, 0x0000000615800000, 0x0000000615800000|100%| O|  |TAMS 0x0000000615400000| PB 0x0000000615400000| Untracked 
|  86|0x0000000615800000, 0x0000000615c00000, 0x0000000615c00000|100%| O|  |TAMS 0x0000000615800000| PB 0x0000000615800000| Untracked 
|  87|0x0000000615c00000, 0x0000000616000000, 0x0000000616000000|100%| O|  |TAMS 0x0000000615c00000| PB 0x0000000615c00000| Untracked 
|  88|0x0000000616000000, 0x0000000616400000, 0x0000000616400000|100%| O|  |TAMS 0x0000000616000000| PB 0x0000000616000000| Untracked 
|  89|0x0000000616400000, 0x0000000616800000, 0x0000000616800000|100%| O|  |TAMS 0x0000000616400000| PB 0x0000000616400000| Untracked 
|  90|0x0000000616800000, 0x0000000616c00000, 0x0000000616c00000|100%| O|  |TAMS 0x0000000616800000| PB 0x0000000616800000| Untracked 
|  91|0x0000000616c00000, 0x0000000617000000, 0x0000000617000000|100%| O|  |TAMS 0x0000000616c00000| PB 0x0000000616c00000| Untracked 
|  92|0x0000000617000000, 0x0000000617400000, 0x0000000617400000|100%| O|  |TAMS 0x0000000617000000| PB 0x0000000617000000| Untracked 
|  93|0x0000000617400000, 0x0000000617800000, 0x0000000617800000|100%| O|  |TAMS 0x0000000617400000| PB 0x0000000617400000| Untracked 
|  94|0x0000000617800000, 0x0000000617c00000, 0x0000000617c00000|100%| O|  |TAMS 0x0000000617800000| PB 0x0000000617800000| Untracked 
|  95|0x0000000617c00000, 0x0000000618000000, 0x0000000618000000|100%| O|  |TAMS 0x0000000617c00000| PB 0x0000000617c00000| Untracked 
|  96|0x0000000618000000, 0x0000000618400000, 0x0000000618400000|100%| O|  |TAMS 0x0000000618000000| PB 0x0000000618000000| Untracked 
|  97|0x0000000618400000, 0x0000000618800000, 0x0000000618800000|100%| O|  |TAMS 0x0000000618400000| PB 0x0000000618400000| Untracked 
|  98|0x0000000618800000, 0x0000000618c00000, 0x0000000618c00000|100%|HS|  |TAMS 0x0000000618800000| PB 0x0000000618800000| Complete 
|  99|0x0000000618c00000, 0x0000000619000000, 0x0000000619000000|100%| O|  |TAMS 0x0000000618c00000| PB 0x0000000618c00000| Untracked 
| 100|0x0000000619000000, 0x0000000619000000, 0x0000000619400000|  0%| F|  |TAMS 0x0000000619000000| PB 0x0000000619000000| Untracked 
| 101|0x0000000619400000, 0x0000000619400000, 0x0000000619800000|  0%| F|  |TAMS 0x0000000619400000| PB 0x0000000619400000| Untracked 
| 102|0x0000000619800000, 0x0000000619800000, 0x0000000619c00000|  0%| F|  |TAMS 0x0000000619800000| PB 0x0000000619800000| Untracked 
| 103|0x0000000619c00000, 0x000000061a000000, 0x000000061a000000|100%| O|  |TAMS 0x0000000619c00000| PB 0x0000000619c00000| Untracked 
| 104|0x000000061a000000, 0x000000061a000000, 0x000000061a400000|  0%| F|  |TAMS 0x000000061a000000| PB 0x000000061a000000| Untracked 
| 105|0x000000061a400000, 0x000000061a800000, 0x000000061a800000|100%| O|  |TAMS 0x000000061a400000| PB 0x000000061a400000| Untracked 
| 106|0x000000061a800000, 0x000000061ac00000, 0x000000061ac00000|100%| O|  |TAMS 0x000000061a800000| PB 0x000000061a800000| Untracked 
| 107|0x000000061ac00000, 0x000000061b000000, 0x000000061b000000|100%| O|  |TAMS 0x000000061ac00000| PB 0x000000061ac00000| Untracked 
| 108|0x000000061b000000, 0x000000061b400000, 0x000000061b400000|100%| O|  |TAMS 0x000000061b000000| PB 0x000000061b000000| Untracked 
| 109|0x000000061b400000, 0x000000061b800000, 0x000000061b800000|100%| O|  |TAMS 0x000000061b400000| PB 0x000000061b400000| Untracked 
| 110|0x000000061b800000, 0x000000061bc00000, 0x000000061bc00000|100%| O|  |TAMS 0x000000061b800000| PB 0x000000061b800000| Untracked 
| 111|0x000000061bc00000, 0x000000061c000000, 0x000000061c000000|100%| O|  |TAMS 0x000000061bc00000| PB 0x000000061bc00000| Untracked 
| 112|0x000000061c000000, 0x000000061c400000, 0x000000061c400000|100%| O|  |TAMS 0x000000061c000000| PB 0x000000061c000000| Untracked 
| 113|0x000000061c400000, 0x000000061c800000, 0x000000061c800000|100%| O|  |TAMS 0x000000061c400000| PB 0x000000061c400000| Untracked 
| 114|0x000000061c800000, 0x000000061c800000, 0x000000061cc00000|  0%| F|  |TAMS 0x000000061c800000| PB 0x000000061c800000| Untracked 
| 115|0x000000061cc00000, 0x000000061cc00000, 0x000000061d000000|  0%| F|  |TAMS 0x000000061cc00000| PB 0x000000061cc00000| Untracked 
| 116|0x000000061d000000, 0x000000061d000000, 0x000000061d400000|  0%| F|  |TAMS 0x000000061d000000| PB 0x000000061d000000| Untracked 
| 117|0x000000061d400000, 0x000000061d800000, 0x000000061d800000|100%| O|  |TAMS 0x000000061d400000| PB 0x000000061d400000| Untracked 
| 118|0x000000061d800000, 0x000000061dc00000, 0x000000061dc00000|100%| O|  |TAMS 0x000000061d800000| PB 0x000000061d800000| Untracked 
| 119|0x000000061dc00000, 0x000000061e000000, 0x000000061e000000|100%| O|  |TAMS 0x000000061dc00000| PB 0x000000061dc00000| Untracked 
| 120|0x000000061e000000, 0x000000061e000000, 0x000000061e400000|  0%| F|  |TAMS 0x000000061e000000| PB 0x000000061e000000| Untracked 
| 121|0x000000061e400000, 0x000000061e800000, 0x000000061e800000|100%| O|  |TAMS 0x000000061e400000| PB 0x000000061e400000| Untracked 
| 122|0x000000061e800000, 0x000000061ec00000, 0x000000061ec00000|100%| O|  |TAMS 0x000000061e800000| PB 0x000000061e800000| Untracked 
| 123|0x000000061ec00000, 0x000000061f000000, 0x000000061f000000|100%| O|  |TAMS 0x000000061ec00000| PB 0x000000061ec00000| Untracked 
| 124|0x000000061f000000, 0x000000061f400000, 0x000000061f400000|100%| O|  |TAMS 0x000000061f000000| PB 0x000000061f000000| Untracked 
| 125|0x000000061f400000, 0x000000061f800000, 0x000000061f800000|100%| O|  |TAMS 0x000000061f400000| PB 0x000000061f400000| Untracked 
| 126|0x000000061f800000, 0x000000061f800000, 0x000000061fc00000|  0%| F|  |TAMS 0x000000061f800000| PB 0x000000061f800000| Untracked 
| 127|0x000000061fc00000, 0x0000000620000000, 0x0000000620000000|100%| O|  |TAMS 0x000000061fc00000| PB 0x000000061fc00000| Untracked 
| 128|0x0000000620000000, 0x0000000620000000, 0x0000000620400000|  0%| F|  |TAMS 0x0000000620000000| PB 0x0000000620000000| Untracked 
| 129|0x0000000620400000, 0x0000000620400000, 0x0000000620800000|  0%| F|  |TAMS 0x0000000620400000| PB 0x0000000620400000| Untracked 
| 130|0x0000000620800000, 0x0000000620c00000, 0x0000000620c00000|100%| O|  |TAMS 0x0000000620800000| PB 0x0000000620800000| Untracked 
| 131|0x0000000620c00000, 0x0000000621000000, 0x0000000621000000|100%| O|  |TAMS 0x0000000620c00000| PB 0x0000000620c00000| Untracked 
| 132|0x0000000621000000, 0x0000000621400000, 0x0000000621400000|100%| O|  |TAMS 0x0000000621000000| PB 0x0000000621000000| Untracked 
| 133|0x0000000621400000, 0x0000000621800000, 0x0000000621800000|100%| O|  |TAMS 0x0000000621400000| PB 0x0000000621400000| Untracked 
| 134|0x0000000621800000, 0x0000000621c00000, 0x0000000621c00000|100%| O|  |TAMS 0x0000000621800000| PB 0x0000000621800000| Untracked 
| 135|0x0000000621c00000, 0x0000000622000000, 0x0000000622000000|100%| O|  |TAMS 0x0000000621c00000| PB 0x0000000621c00000| Untracked 
| 136|0x0000000622000000, 0x0000000622400000, 0x0000000622400000|100%| O|  |TAMS 0x0000000622000000| PB 0x0000000622000000| Untracked 
| 137|0x0000000622400000, 0x0000000622800000, 0x0000000622800000|100%| O|  |TAMS 0x0000000622400000| PB 0x0000000622400000| Untracked 
| 138|0x0000000622800000, 0x0000000622c00000, 0x0000000622c00000|100%| O|  |TAMS 0x0000000622800000| PB 0x0000000622800000| Untracked 
| 139|0x0000000622c00000, 0x0000000623000000, 0x0000000623000000|100%| O|  |TAMS 0x0000000622c00000| PB 0x0000000622c00000| Untracked 
| 140|0x0000000623000000, 0x0000000623400000, 0x0000000623400000|100%| O|  |TAMS 0x0000000623000000| PB 0x0000000623000000| Untracked 
| 141|0x0000000623400000, 0x0000000623800000, 0x0000000623800000|100%| O|  |TAMS 0x0000000623400000| PB 0x0000000623400000| Untracked 
| 142|0x0000000623800000, 0x0000000623c00000, 0x0000000623c00000|100%| O|  |TAMS 0x0000000623800000| PB 0x0000000623800000| Untracked 
| 143|0x0000000623c00000, 0x0000000624000000, 0x0000000624000000|100%| O|  |TAMS 0x0000000623c00000| PB 0x0000000623c00000| Untracked 
| 144|0x0000000624000000, 0x0000000624400000, 0x0000000624400000|100%| O|  |TAMS 0x0000000624000000| PB 0x0000000624000000| Untracked 
| 145|0x0000000624400000, 0x0000000624400000, 0x0000000624800000|  0%| F|  |TAMS 0x0000000624400000| PB 0x0000000624400000| Untracked 
| 146|0x0000000624800000, 0x0000000624800000, 0x0000000624c00000|  0%| F|  |TAMS 0x0000000624800000| PB 0x0000000624800000| Untracked 
| 147|0x0000000624c00000, 0x0000000624c00000, 0x0000000625000000|  0%| F|  |TAMS 0x0000000624c00000| PB 0x0000000624c00000| Untracked 
| 148|0x0000000625000000, 0x0000000625000000, 0x0000000625400000|  0%| F|  |TAMS 0x0000000625000000| PB 0x0000000625000000| Untracked 
| 149|0x0000000625400000, 0x0000000625400000, 0x0000000625800000|  0%| F|  |TAMS 0x0000000625400000| PB 0x0000000625400000| Untracked 
| 150|0x0000000625800000, 0x0000000625800000, 0x0000000625c00000|  0%| F|  |TAMS 0x0000000625800000| PB 0x0000000625800000| Untracked 
| 151|0x0000000625c00000, 0x0000000625c00000, 0x0000000626000000|  0%| F|  |TAMS 0x0000000625c00000| PB 0x0000000625c00000| Untracked 
| 152|0x0000000626000000, 0x0000000626000000, 0x0000000626400000|  0%| F|  |TAMS 0x0000000626000000| PB 0x0000000626000000| Untracked 
| 153|0x0000000626400000, 0x0000000626400000, 0x0000000626800000|  0%| F|  |TAMS 0x0000000626400000| PB 0x0000000626400000| Untracked 
| 154|0x0000000626800000, 0x0000000626800000, 0x0000000626c00000|  0%| F|  |TAMS 0x0000000626800000| PB 0x0000000626800000| Untracked 
| 155|0x0000000626c00000, 0x0000000626c00000, 0x0000000627000000|  0%| F|  |TAMS 0x0000000626c00000| PB 0x0000000626c00000| Untracked 
| 156|0x0000000627000000, 0x0000000627400000, 0x0000000627400000|100%| O|  |TAMS 0x0000000627000000| PB 0x0000000627000000| Untracked 
| 157|0x0000000627400000, 0x0000000627800000, 0x0000000627800000|100%| O|  |TAMS 0x0000000627400000| PB 0x0000000627400000| Untracked 
| 158|0x0000000627800000, 0x0000000627c00000, 0x0000000627c00000|100%| O|  |TAMS 0x0000000627800000| PB 0x0000000627800000| Untracked 
| 159|0x0000000627c00000, 0x0000000628000000, 0x0000000628000000|100%| O|  |TAMS 0x0000000627c00000| PB 0x0000000627c00000| Untracked 
| 160|0x0000000628000000, 0x0000000628400000, 0x0000000628400000|100%| O|  |TAMS 0x0000000628000000| PB 0x0000000628000000| Untracked 
| 161|0x0000000628400000, 0x0000000628800000, 0x0000000628800000|100%| O|  |TAMS 0x0000000628400000| PB 0x0000000628400000| Untracked 
| 162|0x0000000628800000, 0x0000000628c00000, 0x0000000628c00000|100%| O|  |TAMS 0x0000000628800000| PB 0x0000000628800000| Untracked 
| 163|0x0000000628c00000, 0x0000000629000000, 0x0000000629000000|100%| O|  |TAMS 0x0000000628c00000| PB 0x0000000628c00000| Untracked 
| 164|0x0000000629000000, 0x0000000629400000, 0x0000000629400000|100%| O|  |TAMS 0x0000000629000000| PB 0x0000000629000000| Untracked 
| 165|0x0000000629400000, 0x0000000629800000, 0x0000000629800000|100%| O|  |TAMS 0x0000000629400000| PB 0x0000000629400000| Untracked 
| 166|0x0000000629800000, 0x0000000629c00000, 0x0000000629c00000|100%| O|  |TAMS 0x0000000629800000| PB 0x0000000629800000| Untracked 
| 167|0x0000000629c00000, 0x000000062a000000, 0x000000062a000000|100%| O|  |TAMS 0x0000000629c00000| PB 0x0000000629c00000| Untracked 
| 168|0x000000062a000000, 0x000000062a400000, 0x000000062a400000|100%| O|  |TAMS 0x000000062a000000| PB 0x000000062a000000| Untracked 
| 169|0x000000062a400000, 0x000000062a800000, 0x000000062a800000|100%| O|  |TAMS 0x000000062a400000| PB 0x000000062a400000| Untracked 
| 170|0x000000062a800000, 0x000000062ac00000, 0x000000062ac00000|100%| O|  |TAMS 0x000000062a800000| PB 0x000000062a800000| Untracked 
| 171|0x000000062ac00000, 0x000000062b000000, 0x000000062b000000|100%| O|  |TAMS 0x000000062ac00000| PB 0x000000062ac00000| Untracked 
| 172|0x000000062b000000, 0x000000062b000000, 0x000000062b400000|  0%| F|  |TAMS 0x000000062b000000| PB 0x000000062b000000| Untracked 
| 173|0x000000062b400000, 0x000000062b400000, 0x000000062b800000|  0%| F|  |TAMS 0x000000062b400000| PB 0x000000062b400000| Untracked 
| 174|0x000000062b800000, 0x000000062b800000, 0x000000062bc00000|  0%| F|  |TAMS 0x000000062b800000| PB 0x000000062b800000| Untracked 
| 175|0x000000062bc00000, 0x000000062bc00000, 0x000000062c000000|  0%| F|  |TAMS 0x000000062bc00000| PB 0x000000062bc00000| Untracked 
| 176|0x000000062c000000, 0x000000062c000000, 0x000000062c400000|  0%| F|  |TAMS 0x000000062c000000| PB 0x000000062c000000| Untracked 
| 177|0x000000062c400000, 0x000000062c400000, 0x000000062c800000|  0%| F|  |TAMS 0x000000062c400000| PB 0x000000062c400000| Untracked 
| 178|0x000000062c800000, 0x000000062c800000, 0x000000062cc00000|  0%| F|  |TAMS 0x000000062c800000| PB 0x000000062c800000| Untracked 
| 179|0x000000062cc00000, 0x000000062cc00000, 0x000000062d000000|  0%| F|  |TAMS 0x000000062cc00000| PB 0x000000062cc00000| Untracked 
| 180|0x000000062d000000, 0x000000062d000000, 0x000000062d400000|  0%| F|  |TAMS 0x000000062d000000| PB 0x000000062d000000| Untracked 
| 181|0x000000062d400000, 0x000000062d400000, 0x000000062d800000|  0%| F|  |TAMS 0x000000062d400000| PB 0x000000062d400000| Untracked 
| 182|0x000000062d800000, 0x000000062d800000, 0x000000062dc00000|  0%| F|  |TAMS 0x000000062d800000| PB 0x000000062d800000| Untracked 
| 183|0x000000062dc00000, 0x000000062dc00000, 0x000000062e000000|  0%| F|  |TAMS 0x000000062dc00000| PB 0x000000062dc00000| Untracked 
| 184|0x000000062e000000, 0x000000062e000000, 0x000000062e400000|  0%| F|  |TAMS 0x000000062e000000| PB 0x000000062e000000| Untracked 
| 185|0x000000062e400000, 0x000000062e400000, 0x000000062e800000|  0%| F|  |TAMS 0x000000062e400000| PB 0x000000062e400000| Untracked 
| 186|0x000000062e800000, 0x000000062e800000, 0x000000062ec00000|  0%| F|  |TAMS 0x000000062e800000| PB 0x000000062e800000| Untracked 
| 187|0x000000062ec00000, 0x000000062ec00000, 0x000000062f000000|  0%| F|  |TAMS 0x000000062ec00000| PB 0x000000062ec00000| Untracked 
| 188|0x000000062f000000, 0x000000062f000000, 0x000000062f400000|  0%| F|  |TAMS 0x000000062f000000| PB 0x000000062f000000| Untracked 
| 189|0x000000062f400000, 0x000000062f400000, 0x000000062f800000|  0%| F|  |TAMS 0x000000062f400000| PB 0x000000062f400000| Untracked 
| 190|0x000000062f800000, 0x000000062f800000, 0x000000062fc00000|  0%| F|  |TAMS 0x000000062f800000| PB 0x000000062f800000| Untracked 
| 191|0x000000062fc00000, 0x000000062fc00000, 0x0000000630000000|  0%| F|  |TAMS 0x000000062fc00000| PB 0x000000062fc00000| Untracked 
| 192|0x0000000630000000, 0x0000000630000000, 0x0000000630400000|  0%| F|  |TAMS 0x0000000630000000| PB 0x0000000630000000| Untracked 
| 193|0x0000000630400000, 0x0000000630400000, 0x0000000630800000|  0%| F|  |TAMS 0x0000000630400000| PB 0x0000000630400000| Untracked 
| 194|0x0000000630800000, 0x0000000630800000, 0x0000000630c00000|  0%| F|  |TAMS 0x0000000630800000| PB 0x0000000630800000| Untracked 
| 195|0x0000000630c00000, 0x0000000630c00000, 0x0000000631000000|  0%| F|  |TAMS 0x0000000630c00000| PB 0x0000000630c00000| Untracked 
| 196|0x0000000631000000, 0x0000000631000000, 0x0000000631400000|  0%| F|  |TAMS 0x0000000631000000| PB 0x0000000631000000| Untracked 
| 197|0x0000000631400000, 0x0000000631400000, 0x0000000631800000|  0%| F|  |TAMS 0x0000000631400000| PB 0x0000000631400000| Untracked 
| 198|0x0000000631800000, 0x0000000631800000, 0x0000000631c00000|  0%| F|  |TAMS 0x0000000631800000| PB 0x0000000631800000| Untracked 
| 199|0x0000000631c00000, 0x0000000631c00000, 0x0000000632000000|  0%| F|  |TAMS 0x0000000631c00000| PB 0x0000000631c00000| Untracked 
| 200|0x0000000632000000, 0x0000000632000000, 0x0000000632400000|  0%| F|  |TAMS 0x0000000632000000| PB 0x0000000632000000| Untracked 
| 201|0x0000000632400000, 0x0000000632400000, 0x0000000632800000|  0%| F|  |TAMS 0x0000000632400000| PB 0x0000000632400000| Untracked 
| 202|0x0000000632800000, 0x0000000632800000, 0x0000000632c00000|  0%| F|  |TAMS 0x0000000632800000| PB 0x0000000632800000| Untracked 
| 203|0x0000000632c00000, 0x0000000632c00000, 0x0000000633000000|  0%| F|  |TAMS 0x0000000632c00000| PB 0x0000000632c00000| Untracked 
| 204|0x0000000633000000, 0x0000000633000000, 0x0000000633400000|  0%| F|  |TAMS 0x0000000633000000| PB 0x0000000633000000| Untracked 
| 205|0x0000000633400000, 0x0000000633400000, 0x0000000633800000|  0%| F|  |TAMS 0x0000000633400000| PB 0x0000000633400000| Untracked 
| 206|0x0000000633800000, 0x0000000633800000, 0x0000000633c00000|  0%| F|  |TAMS 0x0000000633800000| PB 0x0000000633800000| Untracked 
| 207|0x0000000633c00000, 0x0000000633c00000, 0x0000000634000000|  0%| F|  |TAMS 0x0000000633c00000| PB 0x0000000633c00000| Untracked 
| 208|0x0000000634000000, 0x0000000634000000, 0x0000000634400000|  0%| F|  |TAMS 0x0000000634000000| PB 0x0000000634000000| Untracked 
| 209|0x0000000634400000, 0x0000000634400000, 0x0000000634800000|  0%| F|  |TAMS 0x0000000634400000| PB 0x0000000634400000| Untracked 
| 210|0x0000000634800000, 0x0000000634800000, 0x0000000634c00000|  0%| F|  |TAMS 0x0000000634800000| PB 0x0000000634800000| Untracked 
| 211|0x0000000634c00000, 0x0000000634c00000, 0x0000000635000000|  0%| F|  |TAMS 0x0000000634c00000| PB 0x0000000634c00000| Untracked 
| 212|0x0000000635000000, 0x0000000635000000, 0x0000000635400000|  0%| F|  |TAMS 0x0000000635000000| PB 0x0000000635000000| Untracked 
| 213|0x0000000635400000, 0x0000000635400000, 0x0000000635800000|  0%| F|  |TAMS 0x0000000635400000| PB 0x0000000635400000| Untracked 
| 214|0x0000000635800000, 0x0000000635800000, 0x0000000635c00000|  0%| F|  |TAMS 0x0000000635800000| PB 0x0000000635800000| Untracked 
| 215|0x0000000635c00000, 0x0000000635c00000, 0x0000000636000000|  0%| F|  |TAMS 0x0000000635c00000| PB 0x0000000635c00000| Untracked 
| 216|0x0000000636000000, 0x0000000636000000, 0x0000000636400000|  0%| F|  |TAMS 0x0000000636000000| PB 0x0000000636000000| Untracked 
| 217|0x0000000636400000, 0x0000000636400000, 0x0000000636800000|  0%| F|  |TAMS 0x0000000636400000| PB 0x0000000636400000| Untracked 
| 218|0x0000000636800000, 0x0000000636800000, 0x0000000636c00000|  0%| F|  |TAMS 0x0000000636800000| PB 0x0000000636800000| Untracked 
| 219|0x0000000636c00000, 0x0000000636c00000, 0x0000000637000000|  0%| F|  |TAMS 0x0000000636c00000| PB 0x0000000636c00000| Untracked 
| 220|0x0000000637000000, 0x0000000637000000, 0x0000000637400000|  0%| F|  |TAMS 0x0000000637000000| PB 0x0000000637000000| Untracked 
| 221|0x0000000637400000, 0x0000000637400000, 0x0000000637800000|  0%| F|  |TAMS 0x0000000637400000| PB 0x0000000637400000| Untracked 
| 222|0x0000000637800000, 0x0000000637800000, 0x0000000637c00000|  0%| F|  |TAMS 0x0000000637800000| PB 0x0000000637800000| Untracked 
| 223|0x0000000637c00000, 0x0000000637c00000, 0x0000000638000000|  0%| F|  |TAMS 0x0000000637c00000| PB 0x0000000637c00000| Untracked 
| 224|0x0000000638000000, 0x0000000638000000, 0x0000000638400000|  0%| F|  |TAMS 0x0000000638000000| PB 0x0000000638000000| Untracked 
| 225|0x0000000638400000, 0x0000000638400000, 0x0000000638800000|  0%| F|  |TAMS 0x0000000638400000| PB 0x0000000638400000| Untracked 
| 226|0x0000000638800000, 0x0000000638800000, 0x0000000638c00000|  0%| F|  |TAMS 0x0000000638800000| PB 0x0000000638800000| Untracked 
| 227|0x0000000638c00000, 0x0000000638c00000, 0x0000000639000000|  0%| F|  |TAMS 0x0000000638c00000| PB 0x0000000638c00000| Untracked 
| 228|0x0000000639000000, 0x0000000639000000, 0x0000000639400000|  0%| F|  |TAMS 0x0000000639000000| PB 0x0000000639000000| Untracked 
| 229|0x0000000639400000, 0x0000000639400000, 0x0000000639800000|  0%| F|  |TAMS 0x0000000639400000| PB 0x0000000639400000| Untracked 
| 230|0x0000000639800000, 0x0000000639800000, 0x0000000639c00000|  0%| F|  |TAMS 0x0000000639800000| PB 0x0000000639800000| Untracked 
| 231|0x0000000639c00000, 0x0000000639c00000, 0x000000063a000000|  0%| F|  |TAMS 0x0000000639c00000| PB 0x0000000639c00000| Untracked 
| 232|0x000000063a000000, 0x000000063a000000, 0x000000063a400000|  0%| F|  |TAMS 0x000000063a000000| PB 0x000000063a000000| Untracked 
| 233|0x000000063a400000, 0x000000063a400000, 0x000000063a800000|  0%| F|  |TAMS 0x000000063a400000| PB 0x000000063a400000| Untracked 
| 234|0x000000063a800000, 0x000000063a800000, 0x000000063ac00000|  0%| F|  |TAMS 0x000000063a800000| PB 0x000000063a800000| Untracked 
| 235|0x000000063ac00000, 0x000000063ac00000, 0x000000063b000000|  0%| F|  |TAMS 0x000000063ac00000| PB 0x000000063ac00000| Untracked 
| 236|0x000000063b000000, 0x000000063b000000, 0x000000063b400000|  0%| F|  |TAMS 0x000000063b000000| PB 0x000000063b000000| Untracked 
| 237|0x000000063b400000, 0x000000063b400000, 0x000000063b800000|  0%| F|  |TAMS 0x000000063b400000| PB 0x000000063b400000| Untracked 
| 238|0x000000063b800000, 0x000000063b800000, 0x000000063bc00000|  0%| F|  |TAMS 0x000000063b800000| PB 0x000000063b800000| Untracked 
| 239|0x000000063bc00000, 0x000000063bc00000, 0x000000063c000000|  0%| F|  |TAMS 0x000000063bc00000| PB 0x000000063bc00000| Untracked 
| 240|0x000000063c000000, 0x000000063c000000, 0x000000063c400000|  0%| F|  |TAMS 0x000000063c000000| PB 0x000000063c000000| Untracked 
| 241|0x000000063c400000, 0x000000063c400000, 0x000000063c800000|  0%| F|  |TAMS 0x000000063c400000| PB 0x000000063c400000| Untracked 
| 242|0x000000063c800000, 0x000000063c800000, 0x000000063cc00000|  0%| F|  |TAMS 0x000000063c800000| PB 0x000000063c800000| Untracked 
| 243|0x000000063cc00000, 0x000000063cc00000, 0x000000063d000000|  0%| F|  |TAMS 0x000000063cc00000| PB 0x000000063cc00000| Untracked 
| 244|0x000000063d000000, 0x000000063d000000, 0x000000063d400000|  0%| F|  |TAMS 0x000000063d000000| PB 0x000000063d000000| Untracked 
| 245|0x000000063d400000, 0x000000063d400000, 0x000000063d800000|  0%| F|  |TAMS 0x000000063d400000| PB 0x000000063d400000| Untracked 
| 246|0x000000063d800000, 0x000000063d800000, 0x000000063dc00000|  0%| F|  |TAMS 0x000000063d800000| PB 0x000000063d800000| Untracked 
| 247|0x000000063dc00000, 0x000000063dc00000, 0x000000063e000000|  0%| F|  |TAMS 0x000000063dc00000| PB 0x000000063dc00000| Untracked 
| 248|0x000000063e000000, 0x000000063e000000, 0x000000063e400000|  0%| F|  |TAMS 0x000000063e000000| PB 0x000000063e000000| Untracked 
| 249|0x000000063e400000, 0x000000063e400000, 0x000000063e800000|  0%| F|  |TAMS 0x000000063e400000| PB 0x000000063e400000| Untracked 
| 250|0x000000063e800000, 0x000000063e800000, 0x000000063ec00000|  0%| F|  |TAMS 0x000000063e800000| PB 0x000000063e800000| Untracked 
| 251|0x000000063ec00000, 0x000000063ec00000, 0x000000063f000000|  0%| F|  |TAMS 0x000000063ec00000| PB 0x000000063ec00000| Untracked 
| 252|0x000000063f000000, 0x000000063f000000, 0x000000063f400000|  0%| F|  |TAMS 0x000000063f000000| PB 0x000000063f000000| Untracked 
| 253|0x000000063f400000, 0x000000063f400000, 0x000000063f800000|  0%| F|  |TAMS 0x000000063f400000| PB 0x000000063f400000| Untracked 
| 254|0x000000063f800000, 0x000000063f800000, 0x000000063fc00000|  0%| F|  |TAMS 0x000000063f800000| PB 0x000000063f800000| Untracked 
| 255|0x000000063fc00000, 0x000000063fc00000, 0x0000000640000000|  0%| F|  |TAMS 0x000000063fc00000| PB 0x000000063fc00000| Untracked 
| 256|0x0000000640000000, 0x0000000640000000, 0x0000000640400000|  0%| F|  |TAMS 0x0000000640000000| PB 0x0000000640000000| Untracked 
| 257|0x0000000640400000, 0x0000000640400000, 0x0000000640800000|  0%| F|  |TAMS 0x0000000640400000| PB 0x0000000640400000| Untracked 
| 258|0x0000000640800000, 0x0000000640800000, 0x0000000640c00000|  0%| F|  |TAMS 0x0000000640800000| PB 0x0000000640800000| Untracked 
| 259|0x0000000640c00000, 0x0000000640c00000, 0x0000000641000000|  0%| F|  |TAMS 0x0000000640c00000| PB 0x0000000640c00000| Untracked 
| 260|0x0000000641000000, 0x0000000641000000, 0x0000000641400000|  0%| F|  |TAMS 0x0000000641000000| PB 0x0000000641000000| Untracked 
| 261|0x0000000641400000, 0x0000000641400000, 0x0000000641800000|  0%| F|  |TAMS 0x0000000641400000| PB 0x0000000641400000| Untracked 
| 262|0x0000000641800000, 0x0000000641800000, 0x0000000641c00000|  0%| F|  |TAMS 0x0000000641800000| PB 0x0000000641800000| Untracked 
| 263|0x0000000641c00000, 0x0000000641c00000, 0x0000000642000000|  0%| F|  |TAMS 0x0000000641c00000| PB 0x0000000641c00000| Untracked 
| 264|0x0000000642000000, 0x0000000642000000, 0x0000000642400000|  0%| F|  |TAMS 0x0000000642000000| PB 0x0000000642000000| Untracked 
| 265|0x0000000642400000, 0x0000000642400000, 0x0000000642800000|  0%| F|  |TAMS 0x0000000642400000| PB 0x0000000642400000| Untracked 
| 266|0x0000000642800000, 0x0000000642800000, 0x0000000642c00000|  0%| F|  |TAMS 0x0000000642800000| PB 0x0000000642800000| Untracked 
| 267|0x0000000642c00000, 0x0000000642c00000, 0x0000000643000000|  0%| F|  |TAMS 0x0000000642c00000| PB 0x0000000642c00000| Untracked 
| 268|0x0000000643000000, 0x0000000643000000, 0x0000000643400000|  0%| F|  |TAMS 0x0000000643000000| PB 0x0000000643000000| Untracked 
| 269|0x0000000643400000, 0x0000000643400000, 0x0000000643800000|  0%| F|  |TAMS 0x0000000643400000| PB 0x0000000643400000| Untracked 
| 270|0x0000000643800000, 0x0000000643800000, 0x0000000643c00000|  0%| F|  |TAMS 0x0000000643800000| PB 0x0000000643800000| Untracked 
| 271|0x0000000643c00000, 0x0000000643c00000, 0x0000000644000000|  0%| F|  |TAMS 0x0000000643c00000| PB 0x0000000643c00000| Untracked 
| 272|0x0000000644000000, 0x0000000644000000, 0x0000000644400000|  0%| F|  |TAMS 0x0000000644000000| PB 0x0000000644000000| Untracked 
| 273|0x0000000644400000, 0x0000000644400000, 0x0000000644800000|  0%| F|  |TAMS 0x0000000644400000| PB 0x0000000644400000| Untracked 
| 274|0x0000000644800000, 0x0000000644800000, 0x0000000644c00000|  0%| F|  |TAMS 0x0000000644800000| PB 0x0000000644800000| Untracked 
| 275|0x0000000644c00000, 0x0000000644c00000, 0x0000000645000000|  0%| F|  |TAMS 0x0000000644c00000| PB 0x0000000644c00000| Untracked 
| 276|0x0000000645000000, 0x0000000645000000, 0x0000000645400000|  0%| F|  |TAMS 0x0000000645000000| PB 0x0000000645000000| Untracked 
| 277|0x0000000645400000, 0x0000000645400000, 0x0000000645800000|  0%| F|  |TAMS 0x0000000645400000| PB 0x0000000645400000| Untracked 
| 278|0x0000000645800000, 0x0000000645800000, 0x0000000645c00000|  0%| F|  |TAMS 0x0000000645800000| PB 0x0000000645800000| Untracked 
| 279|0x0000000645c00000, 0x0000000645c00000, 0x0000000646000000|  0%| F|  |TAMS 0x0000000645c00000| PB 0x0000000645c00000| Untracked 
| 280|0x0000000646000000, 0x0000000646000000, 0x0000000646400000|  0%| F|  |TAMS 0x0000000646000000| PB 0x0000000646000000| Untracked 
| 281|0x0000000646400000, 0x0000000646400000, 0x0000000646800000|  0%| F|  |TAMS 0x0000000646400000| PB 0x0000000646400000| Untracked 
| 282|0x0000000646800000, 0x0000000646800000, 0x0000000646c00000|  0%| F|  |TAMS 0x0000000646800000| PB 0x0000000646800000| Untracked 
| 283|0x0000000646c00000, 0x0000000646c00000, 0x0000000647000000|  0%| F|  |TAMS 0x0000000646c00000| PB 0x0000000646c00000| Untracked 
| 284|0x0000000647000000, 0x0000000647000000, 0x0000000647400000|  0%| F|  |TAMS 0x0000000647000000| PB 0x0000000647000000| Untracked 
| 285|0x0000000647400000, 0x0000000647400000, 0x0000000647800000|  0%| F|  |TAMS 0x0000000647400000| PB 0x0000000647400000| Untracked 
| 286|0x0000000647800000, 0x0000000647800000, 0x0000000647c00000|  0%| F|  |TAMS 0x0000000647800000| PB 0x0000000647800000| Untracked 
| 287|0x0000000647c00000, 0x0000000647c00000, 0x0000000648000000|  0%| F|  |TAMS 0x0000000647c00000| PB 0x0000000647c00000| Untracked 
| 288|0x0000000648000000, 0x0000000648000000, 0x0000000648400000|  0%| F|  |TAMS 0x0000000648000000| PB 0x0000000648000000| Untracked 
| 289|0x0000000648400000, 0x0000000648400000, 0x0000000648800000|  0%| F|  |TAMS 0x0000000648400000| PB 0x0000000648400000| Untracked 
| 290|0x0000000648800000, 0x0000000648800000, 0x0000000648c00000|  0%| F|  |TAMS 0x0000000648800000| PB 0x0000000648800000| Untracked 
| 291|0x0000000648c00000, 0x0000000648c00000, 0x0000000649000000|  0%| F|  |TAMS 0x0000000648c00000| PB 0x0000000648c00000| Untracked 
| 292|0x0000000649000000, 0x0000000649000000, 0x0000000649400000|  0%| F|  |TAMS 0x0000000649000000| PB 0x0000000649000000| Untracked 
| 293|0x0000000649400000, 0x0000000649400000, 0x0000000649800000|  0%| F|  |TAMS 0x0000000649400000| PB 0x0000000649400000| Untracked 
| 294|0x0000000649800000, 0x0000000649800000, 0x0000000649c00000|  0%| F|  |TAMS 0x0000000649800000| PB 0x0000000649800000| Untracked 
| 295|0x0000000649c00000, 0x0000000649c00000, 0x000000064a000000|  0%| F|  |TAMS 0x0000000649c00000| PB 0x0000000649c00000| Untracked 
| 296|0x000000064a000000, 0x000000064a000000, 0x000000064a400000|  0%| F|  |TAMS 0x000000064a000000| PB 0x000000064a000000| Untracked 
| 297|0x000000064a400000, 0x000000064a400000, 0x000000064a800000|  0%| F|  |TAMS 0x000000064a400000| PB 0x000000064a400000| Untracked 
| 298|0x000000064a800000, 0x000000064a800000, 0x000000064ac00000|  0%| F|  |TAMS 0x000000064a800000| PB 0x000000064a800000| Untracked 
| 299|0x000000064ac00000, 0x000000064ac00000, 0x000000064b000000|  0%| F|  |TAMS 0x000000064ac00000| PB 0x000000064ac00000| Untracked 
| 300|0x000000064b000000, 0x000000064b000000, 0x000000064b400000|  0%| F|  |TAMS 0x000000064b000000| PB 0x000000064b000000| Untracked 
| 301|0x000000064b400000, 0x000000064b400000, 0x000000064b800000|  0%| F|  |TAMS 0x000000064b400000| PB 0x000000064b400000| Untracked 
| 302|0x000000064b800000, 0x000000064b800000, 0x000000064bc00000|  0%| F|  |TAMS 0x000000064b800000| PB 0x000000064b800000| Untracked 
| 303|0x000000064bc00000, 0x000000064bc00000, 0x000000064c000000|  0%| F|  |TAMS 0x000000064bc00000| PB 0x000000064bc00000| Untracked 
| 304|0x000000064c000000, 0x000000064c000000, 0x000000064c400000|  0%| F|  |TAMS 0x000000064c000000| PB 0x000000064c000000| Untracked 
| 305|0x000000064c400000, 0x000000064c400000, 0x000000064c800000|  0%| F|  |TAMS 0x000000064c400000| PB 0x000000064c400000| Untracked 
| 306|0x000000064c800000, 0x000000064c800000, 0x000000064cc00000|  0%| F|  |TAMS 0x000000064c800000| PB 0x000000064c800000| Untracked 
| 307|0x000000064cc00000, 0x000000064cc00000, 0x000000064d000000|  0%| F|  |TAMS 0x000000064cc00000| PB 0x000000064cc00000| Untracked 
| 308|0x000000064d000000, 0x000000064d000000, 0x000000064d400000|  0%| F|  |TAMS 0x000000064d000000| PB 0x000000064d000000| Untracked 
| 309|0x000000064d400000, 0x000000064d400000, 0x000000064d800000|  0%| F|  |TAMS 0x000000064d400000| PB 0x000000064d400000| Untracked 
| 310|0x000000064d800000, 0x000000064d800000, 0x000000064dc00000|  0%| F|  |TAMS 0x000000064d800000| PB 0x000000064d800000| Untracked 
| 311|0x000000064dc00000, 0x000000064dc00000, 0x000000064e000000|  0%| F|  |TAMS 0x000000064dc00000| PB 0x000000064dc00000| Untracked 
| 312|0x000000064e000000, 0x000000064e000000, 0x000000064e400000|  0%| F|  |TAMS 0x000000064e000000| PB 0x000000064e000000| Untracked 
| 313|0x000000064e400000, 0x000000064e400000, 0x000000064e800000|  0%| F|  |TAMS 0x000000064e400000| PB 0x000000064e400000| Untracked 
| 314|0x000000064e800000, 0x000000064e800000, 0x000000064ec00000|  0%| F|  |TAMS 0x000000064e800000| PB 0x000000064e800000| Untracked 
| 315|0x000000064ec00000, 0x000000064ec00000, 0x000000064f000000|  0%| F|  |TAMS 0x000000064ec00000| PB 0x000000064ec00000| Untracked 
| 316|0x000000064f000000, 0x000000064f000000, 0x000000064f400000|  0%| F|  |TAMS 0x000000064f000000| PB 0x000000064f000000| Untracked 
| 317|0x000000064f400000, 0x000000064f400000, 0x000000064f800000|  0%| F|  |TAMS 0x000000064f400000| PB 0x000000064f400000| Untracked 
| 318|0x000000064f800000, 0x000000064f800000, 0x000000064fc00000|  0%| F|  |TAMS 0x000000064f800000| PB 0x000000064f800000| Untracked 
| 319|0x000000064fc00000, 0x000000064fc00000, 0x0000000650000000|  0%| F|  |TAMS 0x000000064fc00000| PB 0x000000064fc00000| Untracked 
| 320|0x0000000650000000, 0x0000000650000000, 0x0000000650400000|  0%| F|  |TAMS 0x0000000650000000| PB 0x0000000650000000| Untracked 
| 321|0x0000000650400000, 0x0000000650400000, 0x0000000650800000|  0%| F|  |TAMS 0x0000000650400000| PB 0x0000000650400000| Untracked 
| 322|0x0000000650800000, 0x0000000650800000, 0x0000000650c00000|  0%| F|  |TAMS 0x0000000650800000| PB 0x0000000650800000| Untracked 
| 323|0x0000000650c00000, 0x0000000650c00000, 0x0000000651000000|  0%| F|  |TAMS 0x0000000650c00000| PB 0x0000000650c00000| Untracked 
| 324|0x0000000651000000, 0x0000000651000000, 0x0000000651400000|  0%| F|  |TAMS 0x0000000651000000| PB 0x0000000651000000| Untracked 
| 325|0x0000000651400000, 0x0000000651400000, 0x0000000651800000|  0%| F|  |TAMS 0x0000000651400000| PB 0x0000000651400000| Untracked 
| 326|0x0000000651800000, 0x0000000651800000, 0x0000000651c00000|  0%| F|  |TAMS 0x0000000651800000| PB 0x0000000651800000| Untracked 
| 327|0x0000000651c00000, 0x0000000651c00000, 0x0000000652000000|  0%| F|  |TAMS 0x0000000651c00000| PB 0x0000000651c00000| Untracked 
| 328|0x0000000652000000, 0x0000000652000000, 0x0000000652400000|  0%| F|  |TAMS 0x0000000652000000| PB 0x0000000652000000| Untracked 
| 329|0x0000000652400000, 0x0000000652400000, 0x0000000652800000|  0%| F|  |TAMS 0x0000000652400000| PB 0x0000000652400000| Untracked 
| 330|0x0000000652800000, 0x0000000652800000, 0x0000000652c00000|  0%| F|  |TAMS 0x0000000652800000| PB 0x0000000652800000| Untracked 
| 331|0x0000000652c00000, 0x0000000652c00000, 0x0000000653000000|  0%| F|  |TAMS 0x0000000652c00000| PB 0x0000000652c00000| Untracked 
| 332|0x0000000653000000, 0x0000000653000000, 0x0000000653400000|  0%| F|  |TAMS 0x0000000653000000| PB 0x0000000653000000| Untracked 
| 333|0x0000000653400000, 0x0000000653400000, 0x0000000653800000|  0%| F|  |TAMS 0x0000000653400000| PB 0x0000000653400000| Untracked 
| 334|0x0000000653800000, 0x0000000653800000, 0x0000000653c00000|  0%| F|  |TAMS 0x0000000653800000| PB 0x0000000653800000| Untracked 
| 335|0x0000000653c00000, 0x0000000653c00000, 0x0000000654000000|  0%| F|  |TAMS 0x0000000653c00000| PB 0x0000000653c00000| Untracked 
| 336|0x0000000654000000, 0x0000000654000000, 0x0000000654400000|  0%| F|  |TAMS 0x0000000654000000| PB 0x0000000654000000| Untracked 
| 337|0x0000000654400000, 0x0000000654400000, 0x0000000654800000|  0%| F|  |TAMS 0x0000000654400000| PB 0x0000000654400000| Untracked 
| 338|0x0000000654800000, 0x0000000654800000, 0x0000000654c00000|  0%| F|  |TAMS 0x0000000654800000| PB 0x0000000654800000| Untracked 
| 339|0x0000000654c00000, 0x0000000654c00000, 0x0000000655000000|  0%| F|  |TAMS 0x0000000654c00000| PB 0x0000000654c00000| Untracked 
| 340|0x0000000655000000, 0x0000000655000000, 0x0000000655400000|  0%| F|  |TAMS 0x0000000655000000| PB 0x0000000655000000| Untracked 
| 341|0x0000000655400000, 0x0000000655400000, 0x0000000655800000|  0%| F|  |TAMS 0x0000000655400000| PB 0x0000000655400000| Untracked 
| 342|0x0000000655800000, 0x0000000655800000, 0x0000000655c00000|  0%| F|  |TAMS 0x0000000655800000| PB 0x0000000655800000| Untracked 
| 343|0x0000000655c00000, 0x0000000655c00000, 0x0000000656000000|  0%| F|  |TAMS 0x0000000655c00000| PB 0x0000000655c00000| Untracked 
| 344|0x0000000656000000, 0x0000000656000000, 0x0000000656400000|  0%| F|  |TAMS 0x0000000656000000| PB 0x0000000656000000| Untracked 
| 345|0x0000000656400000, 0x0000000656400000, 0x0000000656800000|  0%| F|  |TAMS 0x0000000656400000| PB 0x0000000656400000| Untracked 
| 346|0x0000000656800000, 0x0000000656800000, 0x0000000656c00000|  0%| F|  |TAMS 0x0000000656800000| PB 0x0000000656800000| Untracked 
| 347|0x0000000656c00000, 0x0000000656c00000, 0x0000000657000000|  0%| F|  |TAMS 0x0000000656c00000| PB 0x0000000656c00000| Untracked 
| 348|0x0000000657000000, 0x0000000657000000, 0x0000000657400000|  0%| F|  |TAMS 0x0000000657000000| PB 0x0000000657000000| Untracked 
| 349|0x0000000657400000, 0x0000000657400000, 0x0000000657800000|  0%| F|  |TAMS 0x0000000657400000| PB 0x0000000657400000| Untracked 
| 350|0x0000000657800000, 0x0000000657800000, 0x0000000657c00000|  0%| F|  |TAMS 0x0000000657800000| PB 0x0000000657800000| Untracked 
| 351|0x0000000657c00000, 0x0000000657c00000, 0x0000000658000000|  0%| F|  |TAMS 0x0000000657c00000| PB 0x0000000657c00000| Untracked 
| 352|0x0000000658000000, 0x0000000658000000, 0x0000000658400000|  0%| F|  |TAMS 0x0000000658000000| PB 0x0000000658000000| Untracked 
| 353|0x0000000658400000, 0x0000000658400000, 0x0000000658800000|  0%| F|  |TAMS 0x0000000658400000| PB 0x0000000658400000| Untracked 
| 354|0x0000000658800000, 0x0000000658800000, 0x0000000658c00000|  0%| F|  |TAMS 0x0000000658800000| PB 0x0000000658800000| Untracked 
| 355|0x0000000658c00000, 0x0000000658c00000, 0x0000000659000000|  0%| F|  |TAMS 0x0000000658c00000| PB 0x0000000658c00000| Untracked 
| 356|0x0000000659000000, 0x0000000659000000, 0x0000000659400000|  0%| F|  |TAMS 0x0000000659000000| PB 0x0000000659000000| Untracked 
| 357|0x0000000659400000, 0x0000000659400000, 0x0000000659800000|  0%| F|  |TAMS 0x0000000659400000| PB 0x0000000659400000| Untracked 
| 358|0x0000000659800000, 0x0000000659800000, 0x0000000659c00000|  0%| F|  |TAMS 0x0000000659800000| PB 0x0000000659800000| Untracked 
| 359|0x0000000659c00000, 0x0000000659c00000, 0x000000065a000000|  0%| F|  |TAMS 0x0000000659c00000| PB 0x0000000659c00000| Untracked 
| 360|0x000000065a000000, 0x000000065a000000, 0x000000065a400000|  0%| F|  |TAMS 0x000000065a000000| PB 0x000000065a000000| Untracked 
| 361|0x000000065a400000, 0x000000065a400000, 0x000000065a800000|  0%| F|  |TAMS 0x000000065a400000| PB 0x000000065a400000| Untracked 
| 362|0x000000065a800000, 0x000000065a800000, 0x000000065ac00000|  0%| F|  |TAMS 0x000000065a800000| PB 0x000000065a800000| Untracked 
| 363|0x000000065ac00000, 0x000000065ac00000, 0x000000065b000000|  0%| F|  |TAMS 0x000000065ac00000| PB 0x000000065ac00000| Untracked 
| 364|0x000000065b000000, 0x000000065b000000, 0x000000065b400000|  0%| F|  |TAMS 0x000000065b000000| PB 0x000000065b000000| Untracked 
| 365|0x000000065b400000, 0x000000065b400000, 0x000000065b800000|  0%| F|  |TAMS 0x000000065b400000| PB 0x000000065b400000| Untracked 
| 366|0x000000065b800000, 0x000000065b800000, 0x000000065bc00000|  0%| F|  |TAMS 0x000000065b800000| PB 0x000000065b800000| Untracked 
| 367|0x000000065bc00000, 0x000000065bc00000, 0x000000065c000000|  0%| F|  |TAMS 0x000000065bc00000| PB 0x000000065bc00000| Untracked 
| 368|0x000000065c000000, 0x000000065c000000, 0x000000065c400000|  0%| F|  |TAMS 0x000000065c000000| PB 0x000000065c000000| Untracked 
| 369|0x000000065c400000, 0x000000065c400000, 0x000000065c800000|  0%| F|  |TAMS 0x000000065c400000| PB 0x000000065c400000| Untracked 
| 370|0x000000065c800000, 0x000000065c800000, 0x000000065cc00000|  0%| F|  |TAMS 0x000000065c800000| PB 0x000000065c800000| Untracked 
| 371|0x000000065cc00000, 0x000000065cc00000, 0x000000065d000000|  0%| F|  |TAMS 0x000000065cc00000| PB 0x000000065cc00000| Untracked 
| 372|0x000000065d000000, 0x000000065d000000, 0x000000065d400000|  0%| F|  |TAMS 0x000000065d000000| PB 0x000000065d000000| Untracked 
| 373|0x000000065d400000, 0x000000065d400000, 0x000000065d800000|  0%| F|  |TAMS 0x000000065d400000| PB 0x000000065d400000| Untracked 
| 374|0x000000065d800000, 0x000000065d800000, 0x000000065dc00000|  0%| F|  |TAMS 0x000000065d800000| PB 0x000000065d800000| Untracked 
| 375|0x000000065dc00000, 0x000000065dc00000, 0x000000065e000000|  0%| F|  |TAMS 0x000000065dc00000| PB 0x000000065dc00000| Untracked 
| 376|0x000000065e000000, 0x000000065e000000, 0x000000065e400000|  0%| F|  |TAMS 0x000000065e000000| PB 0x000000065e000000| Untracked 
| 377|0x000000065e400000, 0x000000065e400000, 0x000000065e800000|  0%| F|  |TAMS 0x000000065e400000| PB 0x000000065e400000| Untracked 
| 378|0x000000065e800000, 0x000000065e800000, 0x000000065ec00000|  0%| F|  |TAMS 0x000000065e800000| PB 0x000000065e800000| Untracked 
| 379|0x000000065ec00000, 0x000000065ec00000, 0x000000065f000000|  0%| F|  |TAMS 0x000000065ec00000| PB 0x000000065ec00000| Untracked 
| 380|0x000000065f000000, 0x000000065f000000, 0x000000065f400000|  0%| F|  |TAMS 0x000000065f000000| PB 0x000000065f000000| Untracked 
| 381|0x000000065f400000, 0x000000065f400000, 0x000000065f800000|  0%| F|  |TAMS 0x000000065f400000| PB 0x000000065f400000| Untracked 
| 382|0x000000065f800000, 0x000000065f800000, 0x000000065fc00000|  0%| F|  |TAMS 0x000000065f800000| PB 0x000000065f800000| Untracked 
| 383|0x000000065fc00000, 0x000000065fc00000, 0x0000000660000000|  0%| F|  |TAMS 0x000000065fc00000| PB 0x000000065fc00000| Untracked 
| 384|0x0000000660000000, 0x0000000660000000, 0x0000000660400000|  0%| F|  |TAMS 0x0000000660000000| PB 0x0000000660000000| Untracked 
| 385|0x0000000660400000, 0x0000000660400000, 0x0000000660800000|  0%| F|  |TAMS 0x0000000660400000| PB 0x0000000660400000| Untracked 
| 386|0x0000000660800000, 0x0000000660800000, 0x0000000660c00000|  0%| F|  |TAMS 0x0000000660800000| PB 0x0000000660800000| Untracked 
| 387|0x0000000660c00000, 0x0000000660c00000, 0x0000000661000000|  0%| F|  |TAMS 0x0000000660c00000| PB 0x0000000660c00000| Untracked 
| 388|0x0000000661000000, 0x0000000661000000, 0x0000000661400000|  0%| F|  |TAMS 0x0000000661000000| PB 0x0000000661000000| Untracked 
| 389|0x0000000661400000, 0x0000000661400000, 0x0000000661800000|  0%| F|  |TAMS 0x0000000661400000| PB 0x0000000661400000| Untracked 
| 390|0x0000000661800000, 0x0000000661800000, 0x0000000661c00000|  0%| F|  |TAMS 0x0000000661800000| PB 0x0000000661800000| Untracked 
| 391|0x0000000661c00000, 0x0000000661c00000, 0x0000000662000000|  0%| F|  |TAMS 0x0000000661c00000| PB 0x0000000661c00000| Untracked 
| 392|0x0000000662000000, 0x0000000662000000, 0x0000000662400000|  0%| F|  |TAMS 0x0000000662000000| PB 0x0000000662000000| Untracked 
| 393|0x0000000662400000, 0x0000000662400000, 0x0000000662800000|  0%| F|  |TAMS 0x0000000662400000| PB 0x0000000662400000| Untracked 
| 394|0x0000000662800000, 0x0000000662800000, 0x0000000662c00000|  0%| F|  |TAMS 0x0000000662800000| PB 0x0000000662800000| Untracked 
| 395|0x0000000662c00000, 0x0000000662c00000, 0x0000000663000000|  0%| F|  |TAMS 0x0000000662c00000| PB 0x0000000662c00000| Untracked 
| 396|0x0000000663000000, 0x0000000663000000, 0x0000000663400000|  0%| F|  |TAMS 0x0000000663000000| PB 0x0000000663000000| Untracked 
| 397|0x0000000663400000, 0x0000000663400000, 0x0000000663800000|  0%| F|  |TAMS 0x0000000663400000| PB 0x0000000663400000| Untracked 
| 398|0x0000000663800000, 0x0000000663800000, 0x0000000663c00000|  0%| F|  |TAMS 0x0000000663800000| PB 0x0000000663800000| Untracked 
| 399|0x0000000663c00000, 0x0000000663c00000, 0x0000000664000000|  0%| F|  |TAMS 0x0000000663c00000| PB 0x0000000663c00000| Untracked 
| 400|0x0000000664000000, 0x0000000664000000, 0x0000000664400000|  0%| F|  |TAMS 0x0000000664000000| PB 0x0000000664000000| Untracked 
| 401|0x0000000664400000, 0x0000000664400000, 0x0000000664800000|  0%| F|  |TAMS 0x0000000664400000| PB 0x0000000664400000| Untracked 
| 402|0x0000000664800000, 0x0000000664800000, 0x0000000664c00000|  0%| F|  |TAMS 0x0000000664800000| PB 0x0000000664800000| Untracked 
| 403|0x0000000664c00000, 0x0000000664c00000, 0x0000000665000000|  0%| F|  |TAMS 0x0000000664c00000| PB 0x0000000664c00000| Untracked 
| 404|0x0000000665000000, 0x0000000665000000, 0x0000000665400000|  0%| F|  |TAMS 0x0000000665000000| PB 0x0000000665000000| Untracked 
| 405|0x0000000665400000, 0x0000000665400000, 0x0000000665800000|  0%| F|  |TAMS 0x0000000665400000| PB 0x0000000665400000| Untracked 
| 406|0x0000000665800000, 0x0000000665800000, 0x0000000665c00000|  0%| F|  |TAMS 0x0000000665800000| PB 0x0000000665800000| Untracked 
| 407|0x0000000665c00000, 0x0000000665c00000, 0x0000000666000000|  0%| F|  |TAMS 0x0000000665c00000| PB 0x0000000665c00000| Untracked 
| 408|0x0000000666000000, 0x0000000666000000, 0x0000000666400000|  0%| F|  |TAMS 0x0000000666000000| PB 0x0000000666000000| Untracked 
| 409|0x0000000666400000, 0x0000000666400000, 0x0000000666800000|  0%| F|  |TAMS 0x0000000666400000| PB 0x0000000666400000| Untracked 
| 410|0x0000000666800000, 0x0000000666800000, 0x0000000666c00000|  0%| F|  |TAMS 0x0000000666800000| PB 0x0000000666800000| Untracked 
| 411|0x0000000666c00000, 0x0000000666c00000, 0x0000000667000000|  0%| F|  |TAMS 0x0000000666c00000| PB 0x0000000666c00000| Untracked 
| 412|0x0000000667000000, 0x0000000667000000, 0x0000000667400000|  0%| F|  |TAMS 0x0000000667000000| PB 0x0000000667000000| Untracked 
| 413|0x0000000667400000, 0x0000000667400000, 0x0000000667800000|  0%| F|  |TAMS 0x0000000667400000| PB 0x0000000667400000| Untracked 
| 414|0x0000000667800000, 0x0000000667800000, 0x0000000667c00000|  0%| F|  |TAMS 0x0000000667800000| PB 0x0000000667800000| Untracked 
| 415|0x0000000667c00000, 0x0000000667c00000, 0x0000000668000000|  0%| F|  |TAMS 0x0000000667c00000| PB 0x0000000667c00000| Untracked 
| 416|0x0000000668000000, 0x0000000668000000, 0x0000000668400000|  0%| F|  |TAMS 0x0000000668000000| PB 0x0000000668000000| Untracked 
| 417|0x0000000668400000, 0x0000000668400000, 0x0000000668800000|  0%| F|  |TAMS 0x0000000668400000| PB 0x0000000668400000| Untracked 
| 418|0x0000000668800000, 0x0000000668800000, 0x0000000668c00000|  0%| F|  |TAMS 0x0000000668800000| PB 0x0000000668800000| Untracked 
| 419|0x0000000668c00000, 0x0000000668c00000, 0x0000000669000000|  0%| F|  |TAMS 0x0000000668c00000| PB 0x0000000668c00000| Untracked 
| 420|0x0000000669000000, 0x0000000669000000, 0x0000000669400000|  0%| F|  |TAMS 0x0000000669000000| PB 0x0000000669000000| Untracked 
| 421|0x0000000669400000, 0x0000000669400000, 0x0000000669800000|  0%| F|  |TAMS 0x0000000669400000| PB 0x0000000669400000| Untracked 
| 422|0x0000000669800000, 0x0000000669800000, 0x0000000669c00000|  0%| F|  |TAMS 0x0000000669800000| PB 0x0000000669800000| Untracked 
| 423|0x0000000669c00000, 0x0000000669c00000, 0x000000066a000000|  0%| F|  |TAMS 0x0000000669c00000| PB 0x0000000669c00000| Untracked 
| 424|0x000000066a000000, 0x000000066a000000, 0x000000066a400000|  0%| F|  |TAMS 0x000000066a000000| PB 0x000000066a000000| Untracked 
| 425|0x000000066a400000, 0x000000066a400000, 0x000000066a800000|  0%| F|  |TAMS 0x000000066a400000| PB 0x000000066a400000| Untracked 
| 426|0x000000066a800000, 0x000000066a800000, 0x000000066ac00000|  0%| F|  |TAMS 0x000000066a800000| PB 0x000000066a800000| Untracked 
| 427|0x000000066ac00000, 0x000000066ac00000, 0x000000066b000000|  0%| F|  |TAMS 0x000000066ac00000| PB 0x000000066ac00000| Untracked 
| 428|0x000000066b000000, 0x000000066b000000, 0x000000066b400000|  0%| F|  |TAMS 0x000000066b000000| PB 0x000000066b000000| Untracked 
| 429|0x000000066b400000, 0x000000066b400000, 0x000000066b800000|  0%| F|  |TAMS 0x000000066b400000| PB 0x000000066b400000| Untracked 
| 430|0x000000066b800000, 0x000000066b800000, 0x000000066bc00000|  0%| F|  |TAMS 0x000000066b800000| PB 0x000000066b800000| Untracked 
| 431|0x000000066bc00000, 0x000000066bc00000, 0x000000066c000000|  0%| F|  |TAMS 0x000000066bc00000| PB 0x000000066bc00000| Untracked 
| 432|0x000000066c000000, 0x000000066c000000, 0x000000066c400000|  0%| F|  |TAMS 0x000000066c000000| PB 0x000000066c000000| Untracked 
| 433|0x000000066c400000, 0x000000066c400000, 0x000000066c800000|  0%| F|  |TAMS 0x000000066c400000| PB 0x000000066c400000| Untracked 
| 434|0x000000066c800000, 0x000000066c800000, 0x000000066cc00000|  0%| F|  |TAMS 0x000000066c800000| PB 0x000000066c800000| Untracked 
| 435|0x000000066cc00000, 0x000000066cc00000, 0x000000066d000000|  0%| F|  |TAMS 0x000000066cc00000| PB 0x000000066cc00000| Untracked 
| 436|0x000000066d000000, 0x000000066d000000, 0x000000066d400000|  0%| F|  |TAMS 0x000000066d000000| PB 0x000000066d000000| Untracked 
| 437|0x000000066d400000, 0x000000066d400000, 0x000000066d800000|  0%| F|  |TAMS 0x000000066d400000| PB 0x000000066d400000| Untracked 
| 438|0x000000066d800000, 0x000000066d800000, 0x000000066dc00000|  0%| F|  |TAMS 0x000000066d800000| PB 0x000000066d800000| Untracked 
| 439|0x000000066dc00000, 0x000000066dc00000, 0x000000066e000000|  0%| F|  |TAMS 0x000000066dc00000| PB 0x000000066dc00000| Untracked 
| 440|0x000000066e000000, 0x000000066e000000, 0x000000066e400000|  0%| F|  |TAMS 0x000000066e000000| PB 0x000000066e000000| Untracked 
| 441|0x000000066e400000, 0x000000066e400000, 0x000000066e800000|  0%| F|  |TAMS 0x000000066e400000| PB 0x000000066e400000| Untracked 
| 442|0x000000066e800000, 0x000000066e800000, 0x000000066ec00000|  0%| F|  |TAMS 0x000000066e800000| PB 0x000000066e800000| Untracked 
| 443|0x000000066ec00000, 0x000000066ec00000, 0x000000066f000000|  0%| F|  |TAMS 0x000000066ec00000| PB 0x000000066ec00000| Untracked 
| 444|0x000000066f000000, 0x000000066f000000, 0x000000066f400000|  0%| F|  |TAMS 0x000000066f000000| PB 0x000000066f000000| Untracked 
| 445|0x000000066f400000, 0x000000066f400000, 0x000000066f800000|  0%| F|  |TAMS 0x000000066f400000| PB 0x000000066f400000| Untracked 
| 446|0x000000066f800000, 0x000000066f800000, 0x000000066fc00000|  0%| F|  |TAMS 0x000000066f800000| PB 0x000000066f800000| Untracked 
| 447|0x000000066fc00000, 0x000000066fc00000, 0x0000000670000000|  0%| F|  |TAMS 0x000000066fc00000| PB 0x000000066fc00000| Untracked 
| 448|0x0000000670000000, 0x0000000670000000, 0x0000000670400000|  0%| F|  |TAMS 0x0000000670000000| PB 0x0000000670000000| Untracked 
| 449|0x0000000670400000, 0x0000000670400000, 0x0000000670800000|  0%| F|  |TAMS 0x0000000670400000| PB 0x0000000670400000| Untracked 
| 450|0x0000000670800000, 0x0000000670800000, 0x0000000670c00000|  0%| F|  |TAMS 0x0000000670800000| PB 0x0000000670800000| Untracked 
| 451|0x0000000670c00000, 0x0000000670c00000, 0x0000000671000000|  0%| F|  |TAMS 0x0000000670c00000| PB 0x0000000670c00000| Untracked 
| 452|0x0000000671000000, 0x0000000671000000, 0x0000000671400000|  0%| F|  |TAMS 0x0000000671000000| PB 0x0000000671000000| Untracked 
| 453|0x0000000671400000, 0x0000000671400000, 0x0000000671800000|  0%| F|  |TAMS 0x0000000671400000| PB 0x0000000671400000| Untracked 
| 454|0x0000000671800000, 0x0000000671800000, 0x0000000671c00000|  0%| F|  |TAMS 0x0000000671800000| PB 0x0000000671800000| Untracked 
| 455|0x0000000671c00000, 0x0000000671c00000, 0x0000000672000000|  0%| F|  |TAMS 0x0000000671c00000| PB 0x0000000671c00000| Untracked 
| 456|0x0000000672000000, 0x0000000672000000, 0x0000000672400000|  0%| F|  |TAMS 0x0000000672000000| PB 0x0000000672000000| Untracked 
| 457|0x0000000672400000, 0x0000000672400000, 0x0000000672800000|  0%| F|  |TAMS 0x0000000672400000| PB 0x0000000672400000| Untracked 
| 458|0x0000000672800000, 0x0000000672800000, 0x0000000672c00000|  0%| F|  |TAMS 0x0000000672800000| PB 0x0000000672800000| Untracked 
| 459|0x0000000672c00000, 0x0000000672c00000, 0x0000000673000000|  0%| F|  |TAMS 0x0000000672c00000| PB 0x0000000672c00000| Untracked 
| 460|0x0000000673000000, 0x0000000673000000, 0x0000000673400000|  0%| F|  |TAMS 0x0000000673000000| PB 0x0000000673000000| Untracked 
| 461|0x0000000673400000, 0x0000000673400000, 0x0000000673800000|  0%| F|  |TAMS 0x0000000673400000| PB 0x0000000673400000| Untracked 
| 462|0x0000000673800000, 0x0000000673800000, 0x0000000673c00000|  0%| F|  |TAMS 0x0000000673800000| PB 0x0000000673800000| Untracked 
| 463|0x0000000673c00000, 0x0000000673c00000, 0x0000000674000000|  0%| F|  |TAMS 0x0000000673c00000| PB 0x0000000673c00000| Untracked 
| 464|0x0000000674000000, 0x0000000674000000, 0x0000000674400000|  0%| F|  |TAMS 0x0000000674000000| PB 0x0000000674000000| Untracked 
| 465|0x0000000674400000, 0x0000000674400000, 0x0000000674800000|  0%| F|  |TAMS 0x0000000674400000| PB 0x0000000674400000| Untracked 
| 466|0x0000000674800000, 0x0000000674800000, 0x0000000674c00000|  0%| F|  |TAMS 0x0000000674800000| PB 0x0000000674800000| Untracked 
| 467|0x0000000674c00000, 0x0000000674c00000, 0x0000000675000000|  0%| F|  |TAMS 0x0000000674c00000| PB 0x0000000674c00000| Untracked 
| 468|0x0000000675000000, 0x0000000675000000, 0x0000000675400000|  0%| F|  |TAMS 0x0000000675000000| PB 0x0000000675000000| Untracked 
| 469|0x0000000675400000, 0x0000000675400000, 0x0000000675800000|  0%| F|  |TAMS 0x0000000675400000| PB 0x0000000675400000| Untracked 
| 470|0x0000000675800000, 0x0000000675800000, 0x0000000675c00000|  0%| F|  |TAMS 0x0000000675800000| PB 0x0000000675800000| Untracked 
| 471|0x0000000675c00000, 0x0000000675c00000, 0x0000000676000000|  0%| F|  |TAMS 0x0000000675c00000| PB 0x0000000675c00000| Untracked 
| 472|0x0000000676000000, 0x0000000676000000, 0x0000000676400000|  0%| F|  |TAMS 0x0000000676000000| PB 0x0000000676000000| Untracked 
| 473|0x0000000676400000, 0x0000000676400000, 0x0000000676800000|  0%| F|  |TAMS 0x0000000676400000| PB 0x0000000676400000| Untracked 
| 474|0x0000000676800000, 0x0000000676800000, 0x0000000676c00000|  0%| F|  |TAMS 0x0000000676800000| PB 0x0000000676800000| Untracked 
| 475|0x0000000676c00000, 0x0000000676c00000, 0x0000000677000000|  0%| F|  |TAMS 0x0000000676c00000| PB 0x0000000676c00000| Untracked 
| 476|0x0000000677000000, 0x0000000677000000, 0x0000000677400000|  0%| F|  |TAMS 0x0000000677000000| PB 0x0000000677000000| Untracked 
| 477|0x0000000677400000, 0x0000000677400000, 0x0000000677800000|  0%| F|  |TAMS 0x0000000677400000| PB 0x0000000677400000| Untracked 
| 478|0x0000000677800000, 0x0000000677800000, 0x0000000677c00000|  0%| F|  |TAMS 0x0000000677800000| PB 0x0000000677800000| Untracked 
| 479|0x0000000677c00000, 0x0000000677c00000, 0x0000000678000000|  0%| F|  |TAMS 0x0000000677c00000| PB 0x0000000677c00000| Untracked 
| 480|0x0000000678000000, 0x0000000678000000, 0x0000000678400000|  0%| F|  |TAMS 0x0000000678000000| PB 0x0000000678000000| Untracked 
| 481|0x0000000678400000, 0x0000000678400000, 0x0000000678800000|  0%| F|  |TAMS 0x0000000678400000| PB 0x0000000678400000| Untracked 
| 482|0x0000000678800000, 0x0000000678800000, 0x0000000678c00000|  0%| F|  |TAMS 0x0000000678800000| PB 0x0000000678800000| Untracked 
| 483|0x0000000678c00000, 0x0000000678c00000, 0x0000000679000000|  0%| F|  |TAMS 0x0000000678c00000| PB 0x0000000678c00000| Untracked 
| 484|0x0000000679000000, 0x0000000679000000, 0x0000000679400000|  0%| F|  |TAMS 0x0000000679000000| PB 0x0000000679000000| Untracked 
| 485|0x0000000679400000, 0x0000000679400000, 0x0000000679800000|  0%| F|  |TAMS 0x0000000679400000| PB 0x0000000679400000| Untracked 
| 486|0x0000000679800000, 0x0000000679800000, 0x0000000679c00000|  0%| F|  |TAMS 0x0000000679800000| PB 0x0000000679800000| Untracked 
| 487|0x0000000679c00000, 0x0000000679c00000, 0x000000067a000000|  0%| F|  |TAMS 0x0000000679c00000| PB 0x0000000679c00000| Untracked 
| 488|0x000000067a000000, 0x000000067a000000, 0x000000067a400000|  0%| F|  |TAMS 0x000000067a000000| PB 0x000000067a000000| Untracked 
| 489|0x000000067a400000, 0x000000067a400000, 0x000000067a800000|  0%| F|  |TAMS 0x000000067a400000| PB 0x000000067a400000| Untracked 
| 490|0x000000067a800000, 0x000000067a800000, 0x000000067ac00000|  0%| F|  |TAMS 0x000000067a800000| PB 0x000000067a800000| Untracked 
| 491|0x000000067ac00000, 0x000000067ac00000, 0x000000067b000000|  0%| F|  |TAMS 0x000000067ac00000| PB 0x000000067ac00000| Untracked 
| 492|0x000000067b000000, 0x000000067b000000, 0x000000067b400000|  0%| F|  |TAMS 0x000000067b000000| PB 0x000000067b000000| Untracked 
| 493|0x000000067b400000, 0x000000067b400000, 0x000000067b800000|  0%| F|  |TAMS 0x000000067b400000| PB 0x000000067b400000| Untracked 
| 494|0x000000067b800000, 0x000000067b800000, 0x000000067bc00000|  0%| F|  |TAMS 0x000000067b800000| PB 0x000000067b800000| Untracked 
| 495|0x000000067bc00000, 0x000000067bc00000, 0x000000067c000000|  0%| F|  |TAMS 0x000000067bc00000| PB 0x000000067bc00000| Untracked 
| 496|0x000000067c000000, 0x000000067c000000, 0x000000067c400000|  0%| F|  |TAMS 0x000000067c000000| PB 0x000000067c000000| Untracked 
| 497|0x000000067c400000, 0x000000067c400000, 0x000000067c800000|  0%| F|  |TAMS 0x000000067c400000| PB 0x000000067c400000| Untracked 
| 498|0x000000067c800000, 0x000000067c800000, 0x000000067cc00000|  0%| F|  |TAMS 0x000000067c800000| PB 0x000000067c800000| Untracked 
| 499|0x000000067cc00000, 0x000000067cc00000, 0x000000067d000000|  0%| F|  |TAMS 0x000000067cc00000| PB 0x000000067cc00000| Untracked 
| 500|0x000000067d000000, 0x000000067d000000, 0x000000067d400000|  0%| F|  |TAMS 0x000000067d000000| PB 0x000000067d000000| Untracked 
| 501|0x000000067d400000, 0x000000067d400000, 0x000000067d800000|  0%| F|  |TAMS 0x000000067d400000| PB 0x000000067d400000| Untracked 
| 502|0x000000067d800000, 0x000000067d800000, 0x000000067dc00000|  0%| F|  |TAMS 0x000000067d800000| PB 0x000000067d800000| Untracked 
| 503|0x000000067dc00000, 0x000000067dc00000, 0x000000067e000000|  0%| F|  |TAMS 0x000000067dc00000| PB 0x000000067dc00000| Untracked 
| 504|0x000000067e000000, 0x000000067e000000, 0x000000067e400000|  0%| F|  |TAMS 0x000000067e000000| PB 0x000000067e000000| Untracked 
| 505|0x000000067e400000, 0x000000067e400000, 0x000000067e800000|  0%| F|  |TAMS 0x000000067e400000| PB 0x000000067e400000| Untracked 
| 506|0x000000067e800000, 0x000000067e800000, 0x000000067ec00000|  0%| F|  |TAMS 0x000000067e800000| PB 0x000000067e800000| Untracked 
| 507|0x000000067ec00000, 0x000000067ec00000, 0x000000067f000000|  0%| F|  |TAMS 0x000000067ec00000| PB 0x000000067ec00000| Untracked 
| 508|0x000000067f000000, 0x000000067f000000, 0x000000067f400000|  0%| F|  |TAMS 0x000000067f000000| PB 0x000000067f000000| Untracked 
| 509|0x000000067f400000, 0x000000067f400000, 0x000000067f800000|  0%| F|  |TAMS 0x000000067f400000| PB 0x000000067f400000| Untracked 
| 510|0x000000067f800000, 0x000000067f800000, 0x000000067fc00000|  0%| F|  |TAMS 0x000000067f800000| PB 0x000000067f800000| Untracked 
| 511|0x000000067fc00000, 0x000000067fc00000, 0x0000000680000000|  0%| F|  |TAMS 0x000000067fc00000| PB 0x000000067fc00000| Untracked 
| 512|0x0000000680000000, 0x0000000680000000, 0x0000000680400000|  0%| F|  |TAMS 0x0000000680000000| PB 0x0000000680000000| Untracked 
| 513|0x0000000680400000, 0x0000000680400000, 0x0000000680800000|  0%| F|  |TAMS 0x0000000680400000| PB 0x0000000680400000| Untracked 
| 514|0x0000000680800000, 0x0000000680800000, 0x0000000680c00000|  0%| F|  |TAMS 0x0000000680800000| PB 0x0000000680800000| Untracked 
| 515|0x0000000680c00000, 0x0000000680c00000, 0x0000000681000000|  0%| F|  |TAMS 0x0000000680c00000| PB 0x0000000680c00000| Untracked 
| 516|0x0000000681000000, 0x0000000681000000, 0x0000000681400000|  0%| F|  |TAMS 0x0000000681000000| PB 0x0000000681000000| Untracked 
| 517|0x0000000681400000, 0x0000000681400000, 0x0000000681800000|  0%| F|  |TAMS 0x0000000681400000| PB 0x0000000681400000| Untracked 
| 518|0x0000000681800000, 0x0000000681800000, 0x0000000681c00000|  0%| F|  |TAMS 0x0000000681800000| PB 0x0000000681800000| Untracked 
| 519|0x0000000681c00000, 0x0000000681c00000, 0x0000000682000000|  0%| F|  |TAMS 0x0000000681c00000| PB 0x0000000681c00000| Untracked 
| 520|0x0000000682000000, 0x0000000682000000, 0x0000000682400000|  0%| F|  |TAMS 0x0000000682000000| PB 0x0000000682000000| Untracked 
| 521|0x0000000682400000, 0x0000000682400000, 0x0000000682800000|  0%| F|  |TAMS 0x0000000682400000| PB 0x0000000682400000| Untracked 
| 522|0x0000000682800000, 0x0000000682800000, 0x0000000682c00000|  0%| F|  |TAMS 0x0000000682800000| PB 0x0000000682800000| Untracked 
| 523|0x0000000682c00000, 0x0000000682c00000, 0x0000000683000000|  0%| F|  |TAMS 0x0000000682c00000| PB 0x0000000682c00000| Untracked 
| 524|0x0000000683000000, 0x0000000683000000, 0x0000000683400000|  0%| F|  |TAMS 0x0000000683000000| PB 0x0000000683000000| Untracked 
| 525|0x0000000683400000, 0x0000000683400000, 0x0000000683800000|  0%| F|  |TAMS 0x0000000683400000| PB 0x0000000683400000| Untracked 
| 526|0x0000000683800000, 0x0000000683800000, 0x0000000683c00000|  0%| F|  |TAMS 0x0000000683800000| PB 0x0000000683800000| Untracked 
| 527|0x0000000683c00000, 0x0000000683c00000, 0x0000000684000000|  0%| F|  |TAMS 0x0000000683c00000| PB 0x0000000683c00000| Untracked 
| 528|0x0000000684000000, 0x0000000684000000, 0x0000000684400000|  0%| F|  |TAMS 0x0000000684000000| PB 0x0000000684000000| Untracked 
| 529|0x0000000684400000, 0x0000000684400000, 0x0000000684800000|  0%| F|  |TAMS 0x0000000684400000| PB 0x0000000684400000| Untracked 
| 530|0x0000000684800000, 0x0000000684800000, 0x0000000684c00000|  0%| F|  |TAMS 0x0000000684800000| PB 0x0000000684800000| Untracked 
| 531|0x0000000684c00000, 0x0000000684c00000, 0x0000000685000000|  0%| F|  |TAMS 0x0000000684c00000| PB 0x0000000684c00000| Untracked 
| 532|0x0000000685000000, 0x0000000685000000, 0x0000000685400000|  0%| F|  |TAMS 0x0000000685000000| PB 0x0000000685000000| Untracked 
| 533|0x0000000685400000, 0x0000000685400000, 0x0000000685800000|  0%| F|  |TAMS 0x0000000685400000| PB 0x0000000685400000| Untracked 
| 534|0x0000000685800000, 0x0000000685800000, 0x0000000685c00000|  0%| F|  |TAMS 0x0000000685800000| PB 0x0000000685800000| Untracked 
| 535|0x0000000685c00000, 0x0000000685c00000, 0x0000000686000000|  0%| F|  |TAMS 0x0000000685c00000| PB 0x0000000685c00000| Untracked 
| 536|0x0000000686000000, 0x0000000686000000, 0x0000000686400000|  0%| F|  |TAMS 0x0000000686000000| PB 0x0000000686000000| Untracked 
| 537|0x0000000686400000, 0x0000000686400000, 0x0000000686800000|  0%| F|  |TAMS 0x0000000686400000| PB 0x0000000686400000| Untracked 
| 538|0x0000000686800000, 0x0000000686800000, 0x0000000686c00000|  0%| F|  |TAMS 0x0000000686800000| PB 0x0000000686800000| Untracked 
| 539|0x0000000686c00000, 0x0000000686c00000, 0x0000000687000000|  0%| F|  |TAMS 0x0000000686c00000| PB 0x0000000686c00000| Untracked 
| 540|0x0000000687000000, 0x0000000687000000, 0x0000000687400000|  0%| F|  |TAMS 0x0000000687000000| PB 0x0000000687000000| Untracked 
| 541|0x0000000687400000, 0x0000000687400000, 0x0000000687800000|  0%| F|  |TAMS 0x0000000687400000| PB 0x0000000687400000| Untracked 
| 542|0x0000000687800000, 0x0000000687800000, 0x0000000687c00000|  0%| F|  |TAMS 0x0000000687800000| PB 0x0000000687800000| Untracked 
| 543|0x0000000687c00000, 0x0000000687c00000, 0x0000000688000000|  0%| F|  |TAMS 0x0000000687c00000| PB 0x0000000687c00000| Untracked 
| 544|0x0000000688000000, 0x0000000688000000, 0x0000000688400000|  0%| F|  |TAMS 0x0000000688000000| PB 0x0000000688000000| Untracked 
| 545|0x0000000688400000, 0x0000000688400000, 0x0000000688800000|  0%| F|  |TAMS 0x0000000688400000| PB 0x0000000688400000| Untracked 
| 546|0x0000000688800000, 0x0000000688800000, 0x0000000688c00000|  0%| F|  |TAMS 0x0000000688800000| PB 0x0000000688800000| Untracked 
| 547|0x0000000688c00000, 0x0000000688c00000, 0x0000000689000000|  0%| F|  |TAMS 0x0000000688c00000| PB 0x0000000688c00000| Untracked 
| 548|0x0000000689000000, 0x0000000689000000, 0x0000000689400000|  0%| F|  |TAMS 0x0000000689000000| PB 0x0000000689000000| Untracked 
| 549|0x0000000689400000, 0x0000000689400000, 0x0000000689800000|  0%| F|  |TAMS 0x0000000689400000| PB 0x0000000689400000| Untracked 
| 550|0x0000000689800000, 0x0000000689800000, 0x0000000689c00000|  0%| F|  |TAMS 0x0000000689800000| PB 0x0000000689800000| Untracked 
| 551|0x0000000689c00000, 0x0000000689c00000, 0x000000068a000000|  0%| F|  |TAMS 0x0000000689c00000| PB 0x0000000689c00000| Untracked 
| 552|0x000000068a000000, 0x000000068a000000, 0x000000068a400000|  0%| F|  |TAMS 0x000000068a000000| PB 0x000000068a000000| Untracked 
| 553|0x000000068a400000, 0x000000068a400000, 0x000000068a800000|  0%| F|  |TAMS 0x000000068a400000| PB 0x000000068a400000| Untracked 
| 554|0x000000068a800000, 0x000000068a800000, 0x000000068ac00000|  0%| F|  |TAMS 0x000000068a800000| PB 0x000000068a800000| Untracked 
| 555|0x000000068ac00000, 0x000000068ac00000, 0x000000068b000000|  0%| F|  |TAMS 0x000000068ac00000| PB 0x000000068ac00000| Untracked 
| 556|0x000000068b000000, 0x000000068b000000, 0x000000068b400000|  0%| F|  |TAMS 0x000000068b000000| PB 0x000000068b000000| Untracked 
| 557|0x000000068b400000, 0x000000068b400000, 0x000000068b800000|  0%| F|  |TAMS 0x000000068b400000| PB 0x000000068b400000| Untracked 
| 558|0x000000068b800000, 0x000000068b800000, 0x000000068bc00000|  0%| F|  |TAMS 0x000000068b800000| PB 0x000000068b800000| Untracked 
| 559|0x000000068bc00000, 0x000000068bc00000, 0x000000068c000000|  0%| F|  |TAMS 0x000000068bc00000| PB 0x000000068bc00000| Untracked 
| 560|0x000000068c000000, 0x000000068c000000, 0x000000068c400000|  0%| F|  |TAMS 0x000000068c000000| PB 0x000000068c000000| Untracked 
| 561|0x000000068c400000, 0x000000068c400000, 0x000000068c800000|  0%| F|  |TAMS 0x000000068c400000| PB 0x000000068c400000| Untracked 
| 562|0x000000068c800000, 0x000000068c800000, 0x000000068cc00000|  0%| F|  |TAMS 0x000000068c800000| PB 0x000000068c800000| Untracked 
| 563|0x000000068cc00000, 0x000000068cc00000, 0x000000068d000000|  0%| F|  |TAMS 0x000000068cc00000| PB 0x000000068cc00000| Untracked 
| 564|0x000000068d000000, 0x000000068d000000, 0x000000068d400000|  0%| F|  |TAMS 0x000000068d000000| PB 0x000000068d000000| Untracked 
| 565|0x000000068d400000, 0x000000068d400000, 0x000000068d800000|  0%| F|  |TAMS 0x000000068d400000| PB 0x000000068d400000| Untracked 
| 566|0x000000068d800000, 0x000000068d800000, 0x000000068dc00000|  0%| F|  |TAMS 0x000000068d800000| PB 0x000000068d800000| Untracked 
| 567|0x000000068dc00000, 0x000000068dc00000, 0x000000068e000000|  0%| F|  |TAMS 0x000000068dc00000| PB 0x000000068dc00000| Untracked 
| 568|0x000000068e000000, 0x000000068e000000, 0x000000068e400000|  0%| F|  |TAMS 0x000000068e000000| PB 0x000000068e000000| Untracked 
| 569|0x000000068e400000, 0x000000068e400000, 0x000000068e800000|  0%| F|  |TAMS 0x000000068e400000| PB 0x000000068e400000| Untracked 
| 570|0x000000068e800000, 0x000000068e800000, 0x000000068ec00000|  0%| F|  |TAMS 0x000000068e800000| PB 0x000000068e800000| Untracked 
| 571|0x000000068ec00000, 0x000000068ec00000, 0x000000068f000000|  0%| F|  |TAMS 0x000000068ec00000| PB 0x000000068ec00000| Untracked 
| 572|0x000000068f000000, 0x000000068f000000, 0x000000068f400000|  0%| F|  |TAMS 0x000000068f000000| PB 0x000000068f000000| Untracked 
| 573|0x000000068f400000, 0x000000068f400000, 0x000000068f800000|  0%| F|  |TAMS 0x000000068f400000| PB 0x000000068f400000| Untracked 
| 574|0x000000068f800000, 0x000000068f800000, 0x000000068fc00000|  0%| F|  |TAMS 0x000000068f800000| PB 0x000000068f800000| Untracked 
| 575|0x000000068fc00000, 0x000000068fc00000, 0x0000000690000000|  0%| F|  |TAMS 0x000000068fc00000| PB 0x000000068fc00000| Untracked 
| 576|0x0000000690000000, 0x0000000690000000, 0x0000000690400000|  0%| F|  |TAMS 0x0000000690000000| PB 0x0000000690000000| Untracked 
| 577|0x0000000690400000, 0x0000000690400000, 0x0000000690800000|  0%| F|  |TAMS 0x0000000690400000| PB 0x0000000690400000| Untracked 
| 578|0x0000000690800000, 0x0000000690800000, 0x0000000690c00000|  0%| F|  |TAMS 0x0000000690800000| PB 0x0000000690800000| Untracked 
| 579|0x0000000690c00000, 0x0000000690c00000, 0x0000000691000000|  0%| F|  |TAMS 0x0000000690c00000| PB 0x0000000690c00000| Untracked 
| 580|0x0000000691000000, 0x0000000691000000, 0x0000000691400000|  0%| F|  |TAMS 0x0000000691000000| PB 0x0000000691000000| Untracked 
| 581|0x0000000691400000, 0x0000000691400000, 0x0000000691800000|  0%| F|  |TAMS 0x0000000691400000| PB 0x0000000691400000| Untracked 
| 582|0x0000000691800000, 0x0000000691800000, 0x0000000691c00000|  0%| F|  |TAMS 0x0000000691800000| PB 0x0000000691800000| Untracked 
| 583|0x0000000691c00000, 0x0000000691c00000, 0x0000000692000000|  0%| F|  |TAMS 0x0000000691c00000| PB 0x0000000691c00000| Untracked 
| 584|0x0000000692000000, 0x0000000692000000, 0x0000000692400000|  0%| F|  |TAMS 0x0000000692000000| PB 0x0000000692000000| Untracked 
| 585|0x0000000692400000, 0x0000000692400000, 0x0000000692800000|  0%| F|  |TAMS 0x0000000692400000| PB 0x0000000692400000| Untracked 
| 586|0x0000000692800000, 0x0000000692800000, 0x0000000692c00000|  0%| F|  |TAMS 0x0000000692800000| PB 0x0000000692800000| Untracked 
| 587|0x0000000692c00000, 0x0000000692c00000, 0x0000000693000000|  0%| F|  |TAMS 0x0000000692c00000| PB 0x0000000692c00000| Untracked 
| 588|0x0000000693000000, 0x0000000693000000, 0x0000000693400000|  0%| F|  |TAMS 0x0000000693000000| PB 0x0000000693000000| Untracked 
| 589|0x0000000693400000, 0x0000000693400000, 0x0000000693800000|  0%| F|  |TAMS 0x0000000693400000| PB 0x0000000693400000| Untracked 
| 590|0x0000000693800000, 0x0000000693800000, 0x0000000693c00000|  0%| F|  |TAMS 0x0000000693800000| PB 0x0000000693800000| Untracked 
| 591|0x0000000693c00000, 0x0000000693c00000, 0x0000000694000000|  0%| F|  |TAMS 0x0000000693c00000| PB 0x0000000693c00000| Untracked 
| 592|0x0000000694000000, 0x0000000694000000, 0x0000000694400000|  0%| F|  |TAMS 0x0000000694000000| PB 0x0000000694000000| Untracked 
| 593|0x0000000694400000, 0x0000000694400000, 0x0000000694800000|  0%| F|  |TAMS 0x0000000694400000| PB 0x0000000694400000| Untracked 
| 594|0x0000000694800000, 0x0000000694800000, 0x0000000694c00000|  0%| F|  |TAMS 0x0000000694800000| PB 0x0000000694800000| Untracked 
| 595|0x0000000694c00000, 0x0000000694c00000, 0x0000000695000000|  0%| F|  |TAMS 0x0000000694c00000| PB 0x0000000694c00000| Untracked 
| 596|0x0000000695000000, 0x0000000695000000, 0x0000000695400000|  0%| F|  |TAMS 0x0000000695000000| PB 0x0000000695000000| Untracked 
| 597|0x0000000695400000, 0x0000000695400000, 0x0000000695800000|  0%| F|  |TAMS 0x0000000695400000| PB 0x0000000695400000| Untracked 
| 598|0x0000000695800000, 0x0000000695800000, 0x0000000695c00000|  0%| F|  |TAMS 0x0000000695800000| PB 0x0000000695800000| Untracked 
| 599|0x0000000695c00000, 0x0000000695c00000, 0x0000000696000000|  0%| F|  |TAMS 0x0000000695c00000| PB 0x0000000695c00000| Untracked 
| 600|0x0000000696000000, 0x0000000696000000, 0x0000000696400000|  0%| F|  |TAMS 0x0000000696000000| PB 0x0000000696000000| Untracked 
| 601|0x0000000696400000, 0x0000000696400000, 0x0000000696800000|  0%| F|  |TAMS 0x0000000696400000| PB 0x0000000696400000| Untracked 
| 602|0x0000000696800000, 0x0000000696800000, 0x0000000696c00000|  0%| F|  |TAMS 0x0000000696800000| PB 0x0000000696800000| Untracked 
| 603|0x0000000696c00000, 0x0000000696c00000, 0x0000000697000000|  0%| F|  |TAMS 0x0000000696c00000| PB 0x0000000696c00000| Untracked 
| 604|0x0000000697000000, 0x0000000697000000, 0x0000000697400000|  0%| F|  |TAMS 0x0000000697000000| PB 0x0000000697000000| Untracked 
| 605|0x0000000697400000, 0x0000000697400000, 0x0000000697800000|  0%| F|  |TAMS 0x0000000697400000| PB 0x0000000697400000| Untracked 
| 606|0x0000000697800000, 0x0000000697800000, 0x0000000697c00000|  0%| F|  |TAMS 0x0000000697800000| PB 0x0000000697800000| Untracked 
| 607|0x0000000697c00000, 0x0000000697c00000, 0x0000000698000000|  0%| F|  |TAMS 0x0000000697c00000| PB 0x0000000697c00000| Untracked 
| 608|0x0000000698000000, 0x0000000698000000, 0x0000000698400000|  0%| F|  |TAMS 0x0000000698000000| PB 0x0000000698000000| Untracked 
| 609|0x0000000698400000, 0x0000000698400000, 0x0000000698800000|  0%| F|  |TAMS 0x0000000698400000| PB 0x0000000698400000| Untracked 
| 610|0x0000000698800000, 0x0000000698800000, 0x0000000698c00000|  0%| F|  |TAMS 0x0000000698800000| PB 0x0000000698800000| Untracked 
| 611|0x0000000698c00000, 0x0000000698c00000, 0x0000000699000000|  0%| F|  |TAMS 0x0000000698c00000| PB 0x0000000698c00000| Untracked 
| 612|0x0000000699000000, 0x0000000699000000, 0x0000000699400000|  0%| F|  |TAMS 0x0000000699000000| PB 0x0000000699000000| Untracked 
| 613|0x0000000699400000, 0x0000000699400000, 0x0000000699800000|  0%| F|  |TAMS 0x0000000699400000| PB 0x0000000699400000| Untracked 
| 614|0x0000000699800000, 0x0000000699800000, 0x0000000699c00000|  0%| F|  |TAMS 0x0000000699800000| PB 0x0000000699800000| Untracked 
| 615|0x0000000699c00000, 0x0000000699c00000, 0x000000069a000000|  0%| F|  |TAMS 0x0000000699c00000| PB 0x0000000699c00000| Untracked 
| 616|0x000000069a000000, 0x000000069a000000, 0x000000069a400000|  0%| F|  |TAMS 0x000000069a000000| PB 0x000000069a000000| Untracked 
| 617|0x000000069a400000, 0x000000069a400000, 0x000000069a800000|  0%| F|  |TAMS 0x000000069a400000| PB 0x000000069a400000| Untracked 
| 618|0x000000069a800000, 0x000000069a800000, 0x000000069ac00000|  0%| F|  |TAMS 0x000000069a800000| PB 0x000000069a800000| Untracked 
| 619|0x000000069ac00000, 0x000000069ac00000, 0x000000069b000000|  0%| F|  |TAMS 0x000000069ac00000| PB 0x000000069ac00000| Untracked 
| 620|0x000000069b000000, 0x000000069b000000, 0x000000069b400000|  0%| F|  |TAMS 0x000000069b000000| PB 0x000000069b000000| Untracked 
| 621|0x000000069b400000, 0x000000069b400000, 0x000000069b800000|  0%| F|  |TAMS 0x000000069b400000| PB 0x000000069b400000| Untracked 
| 622|0x000000069b800000, 0x000000069b800000, 0x000000069bc00000|  0%| F|  |TAMS 0x000000069b800000| PB 0x000000069b800000| Untracked 
| 623|0x000000069bc00000, 0x000000069bc00000, 0x000000069c000000|  0%| F|  |TAMS 0x000000069bc00000| PB 0x000000069bc00000| Untracked 
| 624|0x000000069c000000, 0x000000069c000000, 0x000000069c400000|  0%| F|  |TAMS 0x000000069c000000| PB 0x000000069c000000| Untracked 
| 625|0x000000069c400000, 0x000000069c400000, 0x000000069c800000|  0%| F|  |TAMS 0x000000069c400000| PB 0x000000069c400000| Untracked 
| 626|0x000000069c800000, 0x000000069c800000, 0x000000069cc00000|  0%| F|  |TAMS 0x000000069c800000| PB 0x000000069c800000| Untracked 
| 627|0x000000069cc00000, 0x000000069cc00000, 0x000000069d000000|  0%| F|  |TAMS 0x000000069cc00000| PB 0x000000069cc00000| Untracked 
| 628|0x000000069d000000, 0x000000069d000000, 0x000000069d400000|  0%| F|  |TAMS 0x000000069d000000| PB 0x000000069d000000| Untracked 
| 629|0x000000069d400000, 0x000000069d400000, 0x000000069d800000|  0%| F|  |TAMS 0x000000069d400000| PB 0x000000069d400000| Untracked 
| 630|0x000000069d800000, 0x000000069d800000, 0x000000069dc00000|  0%| F|  |TAMS 0x000000069d800000| PB 0x000000069d800000| Untracked 
| 631|0x000000069dc00000, 0x000000069dc00000, 0x000000069e000000|  0%| F|  |TAMS 0x000000069dc00000| PB 0x000000069dc00000| Untracked 
| 632|0x000000069e000000, 0x000000069e000000, 0x000000069e400000|  0%| F|  |TAMS 0x000000069e000000| PB 0x000000069e000000| Untracked 
| 633|0x000000069e400000, 0x000000069e400000, 0x000000069e800000|  0%| F|  |TAMS 0x000000069e400000| PB 0x000000069e400000| Untracked 
| 634|0x000000069e800000, 0x000000069e800000, 0x000000069ec00000|  0%| F|  |TAMS 0x000000069e800000| PB 0x000000069e800000| Untracked 
| 635|0x000000069ec00000, 0x000000069ec00000, 0x000000069f000000|  0%| F|  |TAMS 0x000000069ec00000| PB 0x000000069ec00000| Untracked 
| 636|0x000000069f000000, 0x000000069f000000, 0x000000069f400000|  0%| F|  |TAMS 0x000000069f000000| PB 0x000000069f000000| Untracked 
| 637|0x000000069f400000, 0x000000069f400000, 0x000000069f800000|  0%| F|  |TAMS 0x000000069f400000| PB 0x000000069f400000| Untracked 
| 638|0x000000069f800000, 0x000000069f800000, 0x000000069fc00000|  0%| F|  |TAMS 0x000000069f800000| PB 0x000000069f800000| Untracked 
| 639|0x000000069fc00000, 0x000000069fc00000, 0x00000006a0000000|  0%| F|  |TAMS 0x000000069fc00000| PB 0x000000069fc00000| Untracked 
| 640|0x00000006a0000000, 0x00000006a0000000, 0x00000006a0400000|  0%| F|  |TAMS 0x00000006a0000000| PB 0x00000006a0000000| Untracked 
| 641|0x00000006a0400000, 0x00000006a0400000, 0x00000006a0800000|  0%| F|  |TAMS 0x00000006a0400000| PB 0x00000006a0400000| Untracked 
| 642|0x00000006a0800000, 0x00000006a0800000, 0x00000006a0c00000|  0%| F|  |TAMS 0x00000006a0800000| PB 0x00000006a0800000| Untracked 
| 643|0x00000006a0c00000, 0x00000006a0c00000, 0x00000006a1000000|  0%| F|  |TAMS 0x00000006a0c00000| PB 0x00000006a0c00000| Untracked 
| 644|0x00000006a1000000, 0x00000006a1000000, 0x00000006a1400000|  0%| F|  |TAMS 0x00000006a1000000| PB 0x00000006a1000000| Untracked 
| 645|0x00000006a1400000, 0x00000006a1400000, 0x00000006a1800000|  0%| F|  |TAMS 0x00000006a1400000| PB 0x00000006a1400000| Untracked 
| 646|0x00000006a1800000, 0x00000006a1800000, 0x00000006a1c00000|  0%| F|  |TAMS 0x00000006a1800000| PB 0x00000006a1800000| Untracked 
| 647|0x00000006a1c00000, 0x00000006a1c00000, 0x00000006a2000000|  0%| F|  |TAMS 0x00000006a1c00000| PB 0x00000006a1c00000| Untracked 
| 648|0x00000006a2000000, 0x00000006a2000000, 0x00000006a2400000|  0%| F|  |TAMS 0x00000006a2000000| PB 0x00000006a2000000| Untracked 
| 649|0x00000006a2400000, 0x00000006a2400000, 0x00000006a2800000|  0%| F|  |TAMS 0x00000006a2400000| PB 0x00000006a2400000| Untracked 
| 650|0x00000006a2800000, 0x00000006a2800000, 0x00000006a2c00000|  0%| F|  |TAMS 0x00000006a2800000| PB 0x00000006a2800000| Untracked 
| 651|0x00000006a2c00000, 0x00000006a2c00000, 0x00000006a3000000|  0%| F|  |TAMS 0x00000006a2c00000| PB 0x00000006a2c00000| Untracked 
| 652|0x00000006a3000000, 0x00000006a3000000, 0x00000006a3400000|  0%| F|  |TAMS 0x00000006a3000000| PB 0x00000006a3000000| Untracked 
| 653|0x00000006a3400000, 0x00000006a3400000, 0x00000006a3800000|  0%| F|  |TAMS 0x00000006a3400000| PB 0x00000006a3400000| Untracked 
| 654|0x00000006a3800000, 0x00000006a3800000, 0x00000006a3c00000|  0%| F|  |TAMS 0x00000006a3800000| PB 0x00000006a3800000| Untracked 
| 655|0x00000006a3c00000, 0x00000006a3c00000, 0x00000006a4000000|  0%| F|  |TAMS 0x00000006a3c00000| PB 0x00000006a3c00000| Untracked 
| 656|0x00000006a4000000, 0x00000006a4000000, 0x00000006a4400000|  0%| F|  |TAMS 0x00000006a4000000| PB 0x00000006a4000000| Untracked 
| 657|0x00000006a4400000, 0x00000006a4400000, 0x00000006a4800000|  0%| F|  |TAMS 0x00000006a4400000| PB 0x00000006a4400000| Untracked 
| 658|0x00000006a4800000, 0x00000006a4800000, 0x00000006a4c00000|  0%| F|  |TAMS 0x00000006a4800000| PB 0x00000006a4800000| Untracked 
| 659|0x00000006a4c00000, 0x00000006a4c00000, 0x00000006a5000000|  0%| F|  |TAMS 0x00000006a4c00000| PB 0x00000006a4c00000| Untracked 
| 660|0x00000006a5000000, 0x00000006a5000000, 0x00000006a5400000|  0%| F|  |TAMS 0x00000006a5000000| PB 0x00000006a5000000| Untracked 
| 661|0x00000006a5400000, 0x00000006a5400000, 0x00000006a5800000|  0%| F|  |TAMS 0x00000006a5400000| PB 0x00000006a5400000| Untracked 
| 662|0x00000006a5800000, 0x00000006a5800000, 0x00000006a5c00000|  0%| F|  |TAMS 0x00000006a5800000| PB 0x00000006a5800000| Untracked 
| 663|0x00000006a5c00000, 0x00000006a5c00000, 0x00000006a6000000|  0%| F|  |TAMS 0x00000006a5c00000| PB 0x00000006a5c00000| Untracked 
| 664|0x00000006a6000000, 0x00000006a6000000, 0x00000006a6400000|  0%| F|  |TAMS 0x00000006a6000000| PB 0x00000006a6000000| Untracked 
| 665|0x00000006a6400000, 0x00000006a6400000, 0x00000006a6800000|  0%| F|  |TAMS 0x00000006a6400000| PB 0x00000006a6400000| Untracked 
| 666|0x00000006a6800000, 0x00000006a6800000, 0x00000006a6c00000|  0%| F|  |TAMS 0x00000006a6800000| PB 0x00000006a6800000| Untracked 
| 667|0x00000006a6c00000, 0x00000006a6c00000, 0x00000006a7000000|  0%| F|  |TAMS 0x00000006a6c00000| PB 0x00000006a6c00000| Untracked 
| 668|0x00000006a7000000, 0x00000006a7000000, 0x00000006a7400000|  0%| F|  |TAMS 0x00000006a7000000| PB 0x00000006a7000000| Untracked 
| 669|0x00000006a7400000, 0x00000006a7400000, 0x00000006a7800000|  0%| F|  |TAMS 0x00000006a7400000| PB 0x00000006a7400000| Untracked 
| 670|0x00000006a7800000, 0x00000006a7800000, 0x00000006a7c00000|  0%| F|  |TAMS 0x00000006a7800000| PB 0x00000006a7800000| Untracked 
| 671|0x00000006a7c00000, 0x00000006a7c00000, 0x00000006a8000000|  0%| F|  |TAMS 0x00000006a7c00000| PB 0x00000006a7c00000| Untracked 
| 672|0x00000006a8000000, 0x00000006a8000000, 0x00000006a8400000|  0%| F|  |TAMS 0x00000006a8000000| PB 0x00000006a8000000| Untracked 
| 673|0x00000006a8400000, 0x00000006a8400000, 0x00000006a8800000|  0%| F|  |TAMS 0x00000006a8400000| PB 0x00000006a8400000| Untracked 
| 674|0x00000006a8800000, 0x00000006a8800000, 0x00000006a8c00000|  0%| F|  |TAMS 0x00000006a8800000| PB 0x00000006a8800000| Untracked 
| 675|0x00000006a8c00000, 0x00000006a8c00000, 0x00000006a9000000|  0%| F|  |TAMS 0x00000006a8c00000| PB 0x00000006a8c00000| Untracked 
| 676|0x00000006a9000000, 0x00000006a9000000, 0x00000006a9400000|  0%| F|  |TAMS 0x00000006a9000000| PB 0x00000006a9000000| Untracked 
| 677|0x00000006a9400000, 0x00000006a9400000, 0x00000006a9800000|  0%| F|  |TAMS 0x00000006a9400000| PB 0x00000006a9400000| Untracked 
| 678|0x00000006a9800000, 0x00000006a9800000, 0x00000006a9c00000|  0%| F|  |TAMS 0x00000006a9800000| PB 0x00000006a9800000| Untracked 
| 679|0x00000006a9c00000, 0x00000006a9c00000, 0x00000006aa000000|  0%| F|  |TAMS 0x00000006a9c00000| PB 0x00000006a9c00000| Untracked 
| 680|0x00000006aa000000, 0x00000006aa000000, 0x00000006aa400000|  0%| F|  |TAMS 0x00000006aa000000| PB 0x00000006aa000000| Untracked 
| 681|0x00000006aa400000, 0x00000006aa400000, 0x00000006aa800000|  0%| F|  |TAMS 0x00000006aa400000| PB 0x00000006aa400000| Untracked 
| 682|0x00000006aa800000, 0x00000006aa800000, 0x00000006aac00000|  0%| F|  |TAMS 0x00000006aa800000| PB 0x00000006aa800000| Untracked 
| 683|0x00000006aac00000, 0x00000006aac00000, 0x00000006ab000000|  0%| F|  |TAMS 0x00000006aac00000| PB 0x00000006aac00000| Untracked 
| 684|0x00000006ab000000, 0x00000006ab000000, 0x00000006ab400000|  0%| F|  |TAMS 0x00000006ab000000| PB 0x00000006ab000000| Untracked 
| 685|0x00000006ab400000, 0x00000006ab400000, 0x00000006ab800000|  0%| F|  |TAMS 0x00000006ab400000| PB 0x00000006ab400000| Untracked 
| 686|0x00000006ab800000, 0x00000006ab800000, 0x00000006abc00000|  0%| F|  |TAMS 0x00000006ab800000| PB 0x00000006ab800000| Untracked 
| 687|0x00000006abc00000, 0x00000006abc00000, 0x00000006ac000000|  0%| F|  |TAMS 0x00000006abc00000| PB 0x00000006abc00000| Untracked 
| 688|0x00000006ac000000, 0x00000006ac000000, 0x00000006ac400000|  0%| F|  |TAMS 0x00000006ac000000| PB 0x00000006ac000000| Untracked 
| 689|0x00000006ac400000, 0x00000006ac400000, 0x00000006ac800000|  0%| F|  |TAMS 0x00000006ac400000| PB 0x00000006ac400000| Untracked 
| 690|0x00000006ac800000, 0x00000006ac800000, 0x00000006acc00000|  0%| F|  |TAMS 0x00000006ac800000| PB 0x00000006ac800000| Untracked 
| 691|0x00000006acc00000, 0x00000006acc00000, 0x00000006ad000000|  0%| F|  |TAMS 0x00000006acc00000| PB 0x00000006acc00000| Untracked 
| 692|0x00000006ad000000, 0x00000006ad000000, 0x00000006ad400000|  0%| F|  |TAMS 0x00000006ad000000| PB 0x00000006ad000000| Untracked 
| 693|0x00000006ad400000, 0x00000006ad400000, 0x00000006ad800000|  0%| F|  |TAMS 0x00000006ad400000| PB 0x00000006ad400000| Untracked 
| 694|0x00000006ad800000, 0x00000006ad800000, 0x00000006adc00000|  0%| F|  |TAMS 0x00000006ad800000| PB 0x00000006ad800000| Untracked 
| 695|0x00000006adc00000, 0x00000006adc00000, 0x00000006ae000000|  0%| F|  |TAMS 0x00000006adc00000| PB 0x00000006adc00000| Untracked 
| 696|0x00000006ae000000, 0x00000006ae000000, 0x00000006ae400000|  0%| F|  |TAMS 0x00000006ae000000| PB 0x00000006ae000000| Untracked 
| 697|0x00000006ae400000, 0x00000006ae400000, 0x00000006ae800000|  0%| F|  |TAMS 0x00000006ae400000| PB 0x00000006ae400000| Untracked 
| 698|0x00000006ae800000, 0x00000006ae800000, 0x00000006aec00000|  0%| F|  |TAMS 0x00000006ae800000| PB 0x00000006ae800000| Untracked 
| 699|0x00000006aec00000, 0x00000006aec00000, 0x00000006af000000|  0%| F|  |TAMS 0x00000006aec00000| PB 0x00000006aec00000| Untracked 
| 700|0x00000006af000000, 0x00000006af000000, 0x00000006af400000|  0%| F|  |TAMS 0x00000006af000000| PB 0x00000006af000000| Untracked 
| 701|0x00000006af400000, 0x00000006af400000, 0x00000006af800000|  0%| F|  |TAMS 0x00000006af400000| PB 0x00000006af400000| Untracked 
| 702|0x00000006af800000, 0x00000006af800000, 0x00000006afc00000|  0%| F|  |TAMS 0x00000006af800000| PB 0x00000006af800000| Untracked 
| 703|0x00000006afc00000, 0x00000006afc00000, 0x00000006b0000000|  0%| F|  |TAMS 0x00000006afc00000| PB 0x00000006afc00000| Untracked 
| 704|0x00000006b0000000, 0x00000006b0000000, 0x00000006b0400000|  0%| F|  |TAMS 0x00000006b0000000| PB 0x00000006b0000000| Untracked 
| 705|0x00000006b0400000, 0x00000006b0400000, 0x00000006b0800000|  0%| F|  |TAMS 0x00000006b0400000| PB 0x00000006b0400000| Untracked 
| 706|0x00000006b0800000, 0x00000006b0800000, 0x00000006b0c00000|  0%| F|  |TAMS 0x00000006b0800000| PB 0x00000006b0800000| Untracked 
| 707|0x00000006b0c00000, 0x00000006b0c00000, 0x00000006b1000000|  0%| F|  |TAMS 0x00000006b0c00000| PB 0x00000006b0c00000| Untracked 
| 708|0x00000006b1000000, 0x00000006b1000000, 0x00000006b1400000|  0%| F|  |TAMS 0x00000006b1000000| PB 0x00000006b1000000| Untracked 
| 709|0x00000006b1400000, 0x00000006b1400000, 0x00000006b1800000|  0%| F|  |TAMS 0x00000006b1400000| PB 0x00000006b1400000| Untracked 
| 710|0x00000006b1800000, 0x00000006b1800000, 0x00000006b1c00000|  0%| F|  |TAMS 0x00000006b1800000| PB 0x00000006b1800000| Untracked 
| 711|0x00000006b1c00000, 0x00000006b1c00000, 0x00000006b2000000|  0%| F|  |TAMS 0x00000006b1c00000| PB 0x00000006b1c00000| Untracked 
| 712|0x00000006b2000000, 0x00000006b2000000, 0x00000006b2400000|  0%| F|  |TAMS 0x00000006b2000000| PB 0x00000006b2000000| Untracked 
| 713|0x00000006b2400000, 0x00000006b2400000, 0x00000006b2800000|  0%| F|  |TAMS 0x00000006b2400000| PB 0x00000006b2400000| Untracked 
| 714|0x00000006b2800000, 0x00000006b2800000, 0x00000006b2c00000|  0%| F|  |TAMS 0x00000006b2800000| PB 0x00000006b2800000| Untracked 
| 715|0x00000006b2c00000, 0x00000006b2c00000, 0x00000006b3000000|  0%| F|  |TAMS 0x00000006b2c00000| PB 0x00000006b2c00000| Untracked 
| 716|0x00000006b3000000, 0x00000006b3000000, 0x00000006b3400000|  0%| F|  |TAMS 0x00000006b3000000| PB 0x00000006b3000000| Untracked 
| 717|0x00000006b3400000, 0x00000006b3400000, 0x00000006b3800000|  0%| F|  |TAMS 0x00000006b3400000| PB 0x00000006b3400000| Untracked 
| 718|0x00000006b3800000, 0x00000006b3800000, 0x00000006b3c00000|  0%| F|  |TAMS 0x00000006b3800000| PB 0x00000006b3800000| Untracked 
| 719|0x00000006b3c00000, 0x00000006b3c00000, 0x00000006b4000000|  0%| F|  |TAMS 0x00000006b3c00000| PB 0x00000006b3c00000| Untracked 
| 720|0x00000006b4000000, 0x00000006b4000000, 0x00000006b4400000|  0%| F|  |TAMS 0x00000006b4000000| PB 0x00000006b4000000| Untracked 
| 721|0x00000006b4400000, 0x00000006b4400000, 0x00000006b4800000|  0%| F|  |TAMS 0x00000006b4400000| PB 0x00000006b4400000| Untracked 
| 722|0x00000006b4800000, 0x00000006b4800000, 0x00000006b4c00000|  0%| F|  |TAMS 0x00000006b4800000| PB 0x00000006b4800000| Untracked 
| 723|0x00000006b4c00000, 0x00000006b4c00000, 0x00000006b5000000|  0%| F|  |TAMS 0x00000006b4c00000| PB 0x00000006b4c00000| Untracked 
| 724|0x00000006b5000000, 0x00000006b5000000, 0x00000006b5400000|  0%| F|  |TAMS 0x00000006b5000000| PB 0x00000006b5000000| Untracked 
| 725|0x00000006b5400000, 0x00000006b5400000, 0x00000006b5800000|  0%| F|  |TAMS 0x00000006b5400000| PB 0x00000006b5400000| Untracked 
| 726|0x00000006b5800000, 0x00000006b5800000, 0x00000006b5c00000|  0%| F|  |TAMS 0x00000006b5800000| PB 0x00000006b5800000| Untracked 
| 727|0x00000006b5c00000, 0x00000006b5c00000, 0x00000006b6000000|  0%| F|  |TAMS 0x00000006b5c00000| PB 0x00000006b5c00000| Untracked 
| 728|0x00000006b6000000, 0x00000006b6000000, 0x00000006b6400000|  0%| F|  |TAMS 0x00000006b6000000| PB 0x00000006b6000000| Untracked 
| 729|0x00000006b6400000, 0x00000006b6400000, 0x00000006b6800000|  0%| F|  |TAMS 0x00000006b6400000| PB 0x00000006b6400000| Untracked 
| 730|0x00000006b6800000, 0x00000006b6800000, 0x00000006b6c00000|  0%| F|  |TAMS 0x00000006b6800000| PB 0x00000006b6800000| Untracked 
| 731|0x00000006b6c00000, 0x00000006b6c00000, 0x00000006b7000000|  0%| F|  |TAMS 0x00000006b6c00000| PB 0x00000006b6c00000| Untracked 
| 732|0x00000006b7000000, 0x00000006b7000000, 0x00000006b7400000|  0%| F|  |TAMS 0x00000006b7000000| PB 0x00000006b7000000| Untracked 
| 733|0x00000006b7400000, 0x00000006b7400000, 0x00000006b7800000|  0%| F|  |TAMS 0x00000006b7400000| PB 0x00000006b7400000| Untracked 
| 734|0x00000006b7800000, 0x00000006b7800000, 0x00000006b7c00000|  0%| F|  |TAMS 0x00000006b7800000| PB 0x00000006b7800000| Untracked 
| 735|0x00000006b7c00000, 0x00000006b7c00000, 0x00000006b8000000|  0%| F|  |TAMS 0x00000006b7c00000| PB 0x00000006b7c00000| Untracked 
| 736|0x00000006b8000000, 0x00000006b8000000, 0x00000006b8400000|  0%| F|  |TAMS 0x00000006b8000000| PB 0x00000006b8000000| Untracked 
| 737|0x00000006b8400000, 0x00000006b8400000, 0x00000006b8800000|  0%| F|  |TAMS 0x00000006b8400000| PB 0x00000006b8400000| Untracked 
| 738|0x00000006b8800000, 0x00000006b8800000, 0x00000006b8c00000|  0%| F|  |TAMS 0x00000006b8800000| PB 0x00000006b8800000| Untracked 
| 739|0x00000006b8c00000, 0x00000006b8c00000, 0x00000006b9000000|  0%| F|  |TAMS 0x00000006b8c00000| PB 0x00000006b8c00000| Untracked 
| 740|0x00000006b9000000, 0x00000006b9000000, 0x00000006b9400000|  0%| F|  |TAMS 0x00000006b9000000| PB 0x00000006b9000000| Untracked 
| 741|0x00000006b9400000, 0x00000006b9400000, 0x00000006b9800000|  0%| F|  |TAMS 0x00000006b9400000| PB 0x00000006b9400000| Untracked 
| 742|0x00000006b9800000, 0x00000006b9800000, 0x00000006b9c00000|  0%| F|  |TAMS 0x00000006b9800000| PB 0x00000006b9800000| Untracked 
| 743|0x00000006b9c00000, 0x00000006b9c00000, 0x00000006ba000000|  0%| F|  |TAMS 0x00000006b9c00000| PB 0x00000006b9c00000| Untracked 
| 744|0x00000006ba000000, 0x00000006ba000000, 0x00000006ba400000|  0%| F|  |TAMS 0x00000006ba000000| PB 0x00000006ba000000| Untracked 
| 745|0x00000006ba400000, 0x00000006ba400000, 0x00000006ba800000|  0%| F|  |TAMS 0x00000006ba400000| PB 0x00000006ba400000| Untracked 
| 746|0x00000006ba800000, 0x00000006ba800000, 0x00000006bac00000|  0%| F|  |TAMS 0x00000006ba800000| PB 0x00000006ba800000| Untracked 
| 747|0x00000006bac00000, 0x00000006bac00000, 0x00000006bb000000|  0%| F|  |TAMS 0x00000006bac00000| PB 0x00000006bac00000| Untracked 
| 748|0x00000006bb000000, 0x00000006bb000000, 0x00000006bb400000|  0%| F|  |TAMS 0x00000006bb000000| PB 0x00000006bb000000| Untracked 
| 749|0x00000006bb400000, 0x00000006bb400000, 0x00000006bb800000|  0%| F|  |TAMS 0x00000006bb400000| PB 0x00000006bb400000| Untracked 
| 750|0x00000006bb800000, 0x00000006bb800000, 0x00000006bbc00000|  0%| F|  |TAMS 0x00000006bb800000| PB 0x00000006bb800000| Untracked 
| 751|0x00000006bbc00000, 0x00000006bbc00000, 0x00000006bc000000|  0%| F|  |TAMS 0x00000006bbc00000| PB 0x00000006bbc00000| Untracked 
| 752|0x00000006bc000000, 0x00000006bc000000, 0x00000006bc400000|  0%| F|  |TAMS 0x00000006bc000000| PB 0x00000006bc000000| Untracked 
| 753|0x00000006bc400000, 0x00000006bc400000, 0x00000006bc800000|  0%| F|  |TAMS 0x00000006bc400000| PB 0x00000006bc400000| Untracked 
| 754|0x00000006bc800000, 0x00000006bc800000, 0x00000006bcc00000|  0%| F|  |TAMS 0x00000006bc800000| PB 0x00000006bc800000| Untracked 
| 755|0x00000006bcc00000, 0x00000006bcc00000, 0x00000006bd000000|  0%| F|  |TAMS 0x00000006bcc00000| PB 0x00000006bcc00000| Untracked 
| 756|0x00000006bd000000, 0x00000006bd000000, 0x00000006bd400000|  0%| F|  |TAMS 0x00000006bd000000| PB 0x00000006bd000000| Untracked 
| 757|0x00000006bd400000, 0x00000006bd400000, 0x00000006bd800000|  0%| F|  |TAMS 0x00000006bd400000| PB 0x00000006bd400000| Untracked 
| 758|0x00000006bd800000, 0x00000006bd800000, 0x00000006bdc00000|  0%| F|  |TAMS 0x00000006bd800000| PB 0x00000006bd800000| Untracked 
| 759|0x00000006bdc00000, 0x00000006bdc00000, 0x00000006be000000|  0%| F|  |TAMS 0x00000006bdc00000| PB 0x00000006bdc00000| Untracked 
| 760|0x00000006be000000, 0x00000006be000000, 0x00000006be400000|  0%| F|  |TAMS 0x00000006be000000| PB 0x00000006be000000| Untracked 
| 761|0x00000006be400000, 0x00000006be400000, 0x00000006be800000|  0%| F|  |TAMS 0x00000006be400000| PB 0x00000006be400000| Untracked 
| 762|0x00000006be800000, 0x00000006be800000, 0x00000006bec00000|  0%| F|  |TAMS 0x00000006be800000| PB 0x00000006be800000| Untracked 
| 763|0x00000006bec00000, 0x00000006bec00000, 0x00000006bf000000|  0%| F|  |TAMS 0x00000006bec00000| PB 0x00000006bec00000| Untracked 
| 764|0x00000006bf000000, 0x00000006bf000000, 0x00000006bf400000|  0%| F|  |TAMS 0x00000006bf000000| PB 0x00000006bf000000| Untracked 
| 765|0x00000006bf400000, 0x00000006bf400000, 0x00000006bf800000|  0%| F|  |TAMS 0x00000006bf400000| PB 0x00000006bf400000| Untracked 
| 766|0x00000006bf800000, 0x00000006bf800000, 0x00000006bfc00000|  0%| F|  |TAMS 0x00000006bf800000| PB 0x00000006bf800000| Untracked 
| 767|0x00000006bfc00000, 0x00000006bfc00000, 0x00000006c0000000|  0%| F|  |TAMS 0x00000006bfc00000| PB 0x00000006bfc00000| Untracked 
| 768|0x00000006c0000000, 0x00000006c0000000, 0x00000006c0400000|  0%| F|  |TAMS 0x00000006c0000000| PB 0x00000006c0000000| Untracked 
| 769|0x00000006c0400000, 0x00000006c0400000, 0x00000006c0800000|  0%| F|  |TAMS 0x00000006c0400000| PB 0x00000006c0400000| Untracked 
| 770|0x00000006c0800000, 0x00000006c0800000, 0x00000006c0c00000|  0%| F|  |TAMS 0x00000006c0800000| PB 0x00000006c0800000| Untracked 
| 771|0x00000006c0c00000, 0x00000006c0c00000, 0x00000006c1000000|  0%| F|  |TAMS 0x00000006c0c00000| PB 0x00000006c0c00000| Untracked 
| 772|0x00000006c1000000, 0x00000006c1000000, 0x00000006c1400000|  0%| F|  |TAMS 0x00000006c1000000| PB 0x00000006c1000000| Untracked 
| 773|0x00000006c1400000, 0x00000006c1400000, 0x00000006c1800000|  0%| F|  |TAMS 0x00000006c1400000| PB 0x00000006c1400000| Untracked 
| 774|0x00000006c1800000, 0x00000006c1800000, 0x00000006c1c00000|  0%| F|  |TAMS 0x00000006c1800000| PB 0x00000006c1800000| Untracked 
| 775|0x00000006c1c00000, 0x00000006c1c00000, 0x00000006c2000000|  0%| F|  |TAMS 0x00000006c1c00000| PB 0x00000006c1c00000| Untracked 
| 776|0x00000006c2000000, 0x00000006c2000000, 0x00000006c2400000|  0%| F|  |TAMS 0x00000006c2000000| PB 0x00000006c2000000| Untracked 
| 777|0x00000006c2400000, 0x00000006c2400000, 0x00000006c2800000|  0%| F|  |TAMS 0x00000006c2400000| PB 0x00000006c2400000| Untracked 
| 778|0x00000006c2800000, 0x00000006c2800000, 0x00000006c2c00000|  0%| F|  |TAMS 0x00000006c2800000| PB 0x00000006c2800000| Untracked 
| 779|0x00000006c2c00000, 0x00000006c2c00000, 0x00000006c3000000|  0%| F|  |TAMS 0x00000006c2c00000| PB 0x00000006c2c00000| Untracked 
| 780|0x00000006c3000000, 0x00000006c3000000, 0x00000006c3400000|  0%| F|  |TAMS 0x00000006c3000000| PB 0x00000006c3000000| Untracked 
| 781|0x00000006c3400000, 0x00000006c3400000, 0x00000006c3800000|  0%| F|  |TAMS 0x00000006c3400000| PB 0x00000006c3400000| Untracked 
| 782|0x00000006c3800000, 0x00000006c3800000, 0x00000006c3c00000|  0%| F|  |TAMS 0x00000006c3800000| PB 0x00000006c3800000| Untracked 
| 783|0x00000006c3c00000, 0x00000006c3c00000, 0x00000006c4000000|  0%| F|  |TAMS 0x00000006c3c00000| PB 0x00000006c3c00000| Untracked 
| 784|0x00000006c4000000, 0x00000006c4000000, 0x00000006c4400000|  0%| F|  |TAMS 0x00000006c4000000| PB 0x00000006c4000000| Untracked 
| 785|0x00000006c4400000, 0x00000006c4400000, 0x00000006c4800000|  0%| F|  |TAMS 0x00000006c4400000| PB 0x00000006c4400000| Untracked 
| 786|0x00000006c4800000, 0x00000006c4800000, 0x00000006c4c00000|  0%| F|  |TAMS 0x00000006c4800000| PB 0x00000006c4800000| Untracked 
| 787|0x00000006c4c00000, 0x00000006c4c00000, 0x00000006c5000000|  0%| F|  |TAMS 0x00000006c4c00000| PB 0x00000006c4c00000| Untracked 
| 788|0x00000006c5000000, 0x00000006c5000000, 0x00000006c5400000|  0%| F|  |TAMS 0x00000006c5000000| PB 0x00000006c5000000| Untracked 
| 789|0x00000006c5400000, 0x00000006c5400000, 0x00000006c5800000|  0%| F|  |TAMS 0x00000006c5400000| PB 0x00000006c5400000| Untracked 
| 790|0x00000006c5800000, 0x00000006c5800000, 0x00000006c5c00000|  0%| F|  |TAMS 0x00000006c5800000| PB 0x00000006c5800000| Untracked 
| 791|0x00000006c5c00000, 0x00000006c5c00000, 0x00000006c6000000|  0%| F|  |TAMS 0x00000006c5c00000| PB 0x00000006c5c00000| Untracked 
| 792|0x00000006c6000000, 0x00000006c6000000, 0x00000006c6400000|  0%| F|  |TAMS 0x00000006c6000000| PB 0x00000006c6000000| Untracked 
| 793|0x00000006c6400000, 0x00000006c6400000, 0x00000006c6800000|  0%| F|  |TAMS 0x00000006c6400000| PB 0x00000006c6400000| Untracked 
| 794|0x00000006c6800000, 0x00000006c6800000, 0x00000006c6c00000|  0%| F|  |TAMS 0x00000006c6800000| PB 0x00000006c6800000| Untracked 
| 795|0x00000006c6c00000, 0x00000006c6c10f18, 0x00000006c7000000|  1%| E|  |TAMS 0x00000006c6c00000| PB 0x00000006c6c00000| Complete 
| 796|0x00000006c7000000, 0x00000006c7400000, 0x00000006c7400000|100%| E|CS|TAMS 0x00000006c7000000| PB 0x00000006c7000000| Complete 
| 797|0x00000006c7400000, 0x00000006c7800000, 0x00000006c7800000|100%| E|CS|TAMS 0x00000006c7400000| PB 0x00000006c7400000| Complete 
| 798|0x00000006c7800000, 0x00000006c7c00000, 0x00000006c7c00000|100%| E|CS|TAMS 0x00000006c7800000| PB 0x00000006c7800000| Complete 
| 799|0x00000006c7c00000, 0x00000006c8000000, 0x00000006c8000000|100%| E|CS|TAMS 0x00000006c7c00000| PB 0x00000006c7c00000| Complete 
| 800|0x00000006c8000000, 0x00000006c8400000, 0x00000006c8400000|100%| E|  |TAMS 0x00000006c8000000| PB 0x00000006c8000000| Complete 
| 801|0x00000006c8400000, 0x00000006c8800000, 0x00000006c8800000|100%| E|CS|TAMS 0x00000006c8400000| PB 0x00000006c8400000| Complete 
| 802|0x00000006c8800000, 0x00000006c8c00000, 0x00000006c8c00000|100%| E|CS|TAMS 0x00000006c8800000| PB 0x00000006c8800000| Complete 
| 803|0x00000006c8c00000, 0x00000006c9000000, 0x00000006c9000000|100%| E|CS|TAMS 0x00000006c8c00000| PB 0x00000006c8c00000| Complete 
| 804|0x00000006c9000000, 0x00000006c9400000, 0x00000006c9400000|100%| E|CS|TAMS 0x00000006c9000000| PB 0x00000006c9000000| Complete 
| 805|0x00000006c9400000, 0x00000006c9800000, 0x00000006c9800000|100%| E|CS|TAMS 0x00000006c9400000| PB 0x00000006c9400000| Complete 
| 806|0x00000006c9800000, 0x00000006c9c00000, 0x00000006c9c00000|100%| E|CS|TAMS 0x00000006c9800000| PB 0x00000006c9800000| Complete 
| 807|0x00000006c9c00000, 0x00000006ca000000, 0x00000006ca000000|100%| E|CS|TAMS 0x00000006c9c00000| PB 0x00000006c9c00000| Complete 
| 808|0x00000006ca000000, 0x00000006ca400000, 0x00000006ca400000|100%| E|CS|TAMS 0x00000006ca000000| PB 0x00000006ca000000| Complete 
| 809|0x00000006ca400000, 0x00000006ca800000, 0x00000006ca800000|100%| E|CS|TAMS 0x00000006ca400000| PB 0x00000006ca400000| Complete 
| 810|0x00000006ca800000, 0x00000006cac00000, 0x00000006cac00000|100%| E|CS|TAMS 0x00000006ca800000| PB 0x00000006ca800000| Complete 
| 811|0x00000006cac00000, 0x00000006cb000000, 0x00000006cb000000|100%| E|CS|TAMS 0x00000006cac00000| PB 0x00000006cac00000| Complete 
| 812|0x00000006cb000000, 0x00000006cb400000, 0x00000006cb400000|100%| E|CS|TAMS 0x00000006cb000000| PB 0x00000006cb000000| Complete 
| 813|0x00000006cb400000, 0x00000006cb800000, 0x00000006cb800000|100%| E|CS|TAMS 0x00000006cb400000| PB 0x00000006cb400000| Complete 
| 814|0x00000006cb800000, 0x00000006cbc00000, 0x00000006cbc00000|100%| E|CS|TAMS 0x00000006cb800000| PB 0x00000006cb800000| Complete 
| 815|0x00000006cbc00000, 0x00000006cc000000, 0x00000006cc000000|100%| E|CS|TAMS 0x00000006cbc00000| PB 0x00000006cbc00000| Complete 
| 816|0x00000006cc000000, 0x00000006cc400000, 0x00000006cc400000|100%| E|CS|TAMS 0x00000006cc000000| PB 0x00000006cc000000| Complete 
| 817|0x00000006cc400000, 0x00000006cc800000, 0x00000006cc800000|100%| E|CS|TAMS 0x00000006cc400000| PB 0x00000006cc400000| Complete 
| 818|0x00000006cc800000, 0x00000006ccc00000, 0x00000006ccc00000|100%| E|CS|TAMS 0x00000006cc800000| PB 0x00000006cc800000| Complete 
| 819|0x00000006ccc00000, 0x00000006cd000000, 0x00000006cd000000|100%| E|CS|TAMS 0x00000006ccc00000| PB 0x00000006ccc00000| Complete 
| 820|0x00000006cd000000, 0x00000006cd400000, 0x00000006cd400000|100%| E|CS|TAMS 0x00000006cd000000| PB 0x00000006cd000000| Complete 
| 821|0x00000006cd400000, 0x00000006cd800000, 0x00000006cd800000|100%| E|CS|TAMS 0x00000006cd400000| PB 0x00000006cd400000| Complete 
| 822|0x00000006cd800000, 0x00000006cdc00000, 0x00000006cdc00000|100%| E|CS|TAMS 0x00000006cd800000| PB 0x00000006cd800000| Complete 
| 823|0x00000006cdc00000, 0x00000006ce000000, 0x00000006ce000000|100%| E|CS|TAMS 0x00000006cdc00000| PB 0x00000006cdc00000| Complete 
| 824|0x00000006ce000000, 0x00000006ce400000, 0x00000006ce400000|100%| E|CS|TAMS 0x00000006ce000000| PB 0x00000006ce000000| Complete 
| 825|0x00000006ce400000, 0x00000006ce800000, 0x00000006ce800000|100%| E|CS|TAMS 0x00000006ce400000| PB 0x00000006ce400000| Complete 
| 826|0x00000006ce800000, 0x00000006cec00000, 0x00000006cec00000|100%| E|CS|TAMS 0x00000006ce800000| PB 0x00000006ce800000| Complete 
| 827|0x00000006cec00000, 0x00000006cf000000, 0x00000006cf000000|100%| E|CS|TAMS 0x00000006cec00000| PB 0x00000006cec00000| Complete 
| 828|0x00000006cf000000, 0x00000006cf400000, 0x00000006cf400000|100%| E|CS|TAMS 0x00000006cf000000| PB 0x00000006cf000000| Complete 
| 829|0x00000006cf400000, 0x00000006cf800000, 0x00000006cf800000|100%| E|CS|TAMS 0x00000006cf400000| PB 0x00000006cf400000| Complete 
| 830|0x00000006cf800000, 0x00000006cfc00000, 0x00000006cfc00000|100%| E|CS|TAMS 0x00000006cf800000| PB 0x00000006cf800000| Complete 
| 831|0x00000006cfc00000, 0x00000006d0000000, 0x00000006d0000000|100%| E|CS|TAMS 0x00000006cfc00000| PB 0x00000006cfc00000| Complete 
| 832|0x00000006d0000000, 0x00000006d0400000, 0x00000006d0400000|100%| E|CS|TAMS 0x00000006d0000000| PB 0x00000006d0000000| Complete 
| 833|0x00000006d0400000, 0x00000006d0800000, 0x00000006d0800000|100%| E|CS|TAMS 0x00000006d0400000| PB 0x00000006d0400000| Complete 
| 834|0x00000006d0800000, 0x00000006d0c00000, 0x00000006d0c00000|100%| E|CS|TAMS 0x00000006d0800000| PB 0x00000006d0800000| Complete 
| 835|0x00000006d0c00000, 0x00000006d1000000, 0x00000006d1000000|100%| E|CS|TAMS 0x00000006d0c00000| PB 0x00000006d0c00000| Complete 
| 836|0x00000006d1000000, 0x00000006d1400000, 0x00000006d1400000|100%| E|CS|TAMS 0x00000006d1000000| PB 0x00000006d1000000| Complete 
| 837|0x00000006d1400000, 0x00000006d1800000, 0x00000006d1800000|100%| E|CS|TAMS 0x00000006d1400000| PB 0x00000006d1400000| Complete 
| 838|0x00000006d1800000, 0x00000006d1c00000, 0x00000006d1c00000|100%| E|CS|TAMS 0x00000006d1800000| PB 0x00000006d1800000| Complete 
| 839|0x00000006d1c00000, 0x00000006d2000000, 0x00000006d2000000|100%| E|CS|TAMS 0x00000006d1c00000| PB 0x00000006d1c00000| Complete 
| 840|0x00000006d2000000, 0x00000006d2400000, 0x00000006d2400000|100%| E|CS|TAMS 0x00000006d2000000| PB 0x00000006d2000000| Complete 
| 841|0x00000006d2400000, 0x00000006d2800000, 0x00000006d2800000|100%| E|CS|TAMS 0x00000006d2400000| PB 0x00000006d2400000| Complete 
| 842|0x00000006d2800000, 0x00000006d2c00000, 0x00000006d2c00000|100%| E|CS|TAMS 0x00000006d2800000| PB 0x00000006d2800000| Complete 
| 843|0x00000006d2c00000, 0x00000006d3000000, 0x00000006d3000000|100%| E|CS|TAMS 0x00000006d2c00000| PB 0x00000006d2c00000| Complete 
| 844|0x00000006d3000000, 0x00000006d3400000, 0x00000006d3400000|100%| E|CS|TAMS 0x00000006d3000000| PB 0x00000006d3000000| Complete 
| 845|0x00000006d3400000, 0x00000006d3800000, 0x00000006d3800000|100%| E|CS|TAMS 0x00000006d3400000| PB 0x00000006d3400000| Complete 
| 846|0x00000006d3800000, 0x00000006d3c00000, 0x00000006d3c00000|100%| E|CS|TAMS 0x00000006d3800000| PB 0x00000006d3800000| Complete 
| 847|0x00000006d3c00000, 0x00000006d4000000, 0x00000006d4000000|100%| E|CS|TAMS 0x00000006d3c00000| PB 0x00000006d3c00000| Complete 
| 848|0x00000006d4000000, 0x00000006d4400000, 0x00000006d4400000|100%| E|CS|TAMS 0x00000006d4000000| PB 0x00000006d4000000| Complete 
| 849|0x00000006d4400000, 0x00000006d4800000, 0x00000006d4800000|100%| E|CS|TAMS 0x00000006d4400000| PB 0x00000006d4400000| Complete 
| 850|0x00000006d4800000, 0x00000006d4c00000, 0x00000006d4c00000|100%| E|CS|TAMS 0x00000006d4800000| PB 0x00000006d4800000| Complete 
| 851|0x00000006d4c00000, 0x00000006d5000000, 0x00000006d5000000|100%| E|CS|TAMS 0x00000006d4c00000| PB 0x00000006d4c00000| Complete 
| 852|0x00000006d5000000, 0x00000006d5400000, 0x00000006d5400000|100%| E|CS|TAMS 0x00000006d5000000| PB 0x00000006d5000000| Complete 
| 853|0x00000006d5400000, 0x00000006d5800000, 0x00000006d5800000|100%| E|CS|TAMS 0x00000006d5400000| PB 0x00000006d5400000| Complete 
| 854|0x00000006d5800000, 0x00000006d5c00000, 0x00000006d5c00000|100%| E|CS|TAMS 0x00000006d5800000| PB 0x00000006d5800000| Complete 
| 855|0x00000006d5c00000, 0x00000006d6000000, 0x00000006d6000000|100%| E|CS|TAMS 0x00000006d5c00000| PB 0x00000006d5c00000| Complete 
| 856|0x00000006d6000000, 0x00000006d6400000, 0x00000006d6400000|100%| E|CS|TAMS 0x00000006d6000000| PB 0x00000006d6000000| Complete 
| 857|0x00000006d6400000, 0x00000006d6800000, 0x00000006d6800000|100%| E|CS|TAMS 0x00000006d6400000| PB 0x00000006d6400000| Complete 
| 858|0x00000006d6800000, 0x00000006d6c00000, 0x00000006d6c00000|100%| E|CS|TAMS 0x00000006d6800000| PB 0x00000006d6800000| Complete 
| 859|0x00000006d6c00000, 0x00000006d7000000, 0x00000006d7000000|100%| E|CS|TAMS 0x00000006d6c00000| PB 0x00000006d6c00000| Complete 
| 860|0x00000006d7000000, 0x00000006d7400000, 0x00000006d7400000|100%| E|CS|TAMS 0x00000006d7000000| PB 0x00000006d7000000| Complete 
| 861|0x00000006d7400000, 0x00000006d7800000, 0x00000006d7800000|100%| E|CS|TAMS 0x00000006d7400000| PB 0x00000006d7400000| Complete 
| 862|0x00000006d7800000, 0x00000006d7c00000, 0x00000006d7c00000|100%| E|CS|TAMS 0x00000006d7800000| PB 0x00000006d7800000| Complete 
| 863|0x00000006d7c00000, 0x00000006d8000000, 0x00000006d8000000|100%| E|CS|TAMS 0x00000006d7c00000| PB 0x00000006d7c00000| Complete 
| 864|0x00000006d8000000, 0x00000006d8400000, 0x00000006d8400000|100%| E|CS|TAMS 0x00000006d8000000| PB 0x00000006d8000000| Complete 
| 865|0x00000006d8400000, 0x00000006d8800000, 0x00000006d8800000|100%| E|CS|TAMS 0x00000006d8400000| PB 0x00000006d8400000| Complete 
| 866|0x00000006d8800000, 0x00000006d8c00000, 0x00000006d8c00000|100%| E|CS|TAMS 0x00000006d8800000| PB 0x00000006d8800000| Complete 
| 867|0x00000006d8c00000, 0x00000006d9000000, 0x00000006d9000000|100%| E|CS|TAMS 0x00000006d8c00000| PB 0x00000006d8c00000| Complete 
| 868|0x00000006d9000000, 0x00000006d9400000, 0x00000006d9400000|100%| E|CS|TAMS 0x00000006d9000000| PB 0x00000006d9000000| Complete 
| 869|0x00000006d9400000, 0x00000006d9800000, 0x00000006d9800000|100%| E|CS|TAMS 0x00000006d9400000| PB 0x00000006d9400000| Complete 
| 870|0x00000006d9800000, 0x00000006d9c00000, 0x00000006d9c00000|100%| E|CS|TAMS 0x00000006d9800000| PB 0x00000006d9800000| Complete 
| 871|0x00000006d9c00000, 0x00000006da000000, 0x00000006da000000|100%| E|CS|TAMS 0x00000006d9c00000| PB 0x00000006d9c00000| Complete 
| 872|0x00000006da000000, 0x00000006da400000, 0x00000006da400000|100%| E|CS|TAMS 0x00000006da000000| PB 0x00000006da000000| Complete 
| 873|0x00000006da400000, 0x00000006da800000, 0x00000006da800000|100%| E|CS|TAMS 0x00000006da400000| PB 0x00000006da400000| Complete 
| 874|0x00000006da800000, 0x00000006dac00000, 0x00000006dac00000|100%| E|CS|TAMS 0x00000006da800000| PB 0x00000006da800000| Complete 
| 875|0x00000006dac00000, 0x00000006db000000, 0x00000006db000000|100%| E|CS|TAMS 0x00000006dac00000| PB 0x00000006dac00000| Complete 
| 876|0x00000006db000000, 0x00000006db400000, 0x00000006db400000|100%| E|CS|TAMS 0x00000006db000000| PB 0x00000006db000000| Complete 
| 877|0x00000006db400000, 0x00000006db800000, 0x00000006db800000|100%| E|CS|TAMS 0x00000006db400000| PB 0x00000006db400000| Complete 
| 878|0x00000006db800000, 0x00000006dbc00000, 0x00000006dbc00000|100%| E|CS|TAMS 0x00000006db800000| PB 0x00000006db800000| Complete 
| 879|0x00000006dbc00000, 0x00000006dc000000, 0x00000006dc000000|100%| E|CS|TAMS 0x00000006dbc00000| PB 0x00000006dbc00000| Complete 
| 880|0x00000006dc000000, 0x00000006dc400000, 0x00000006dc400000|100%| E|CS|TAMS 0x00000006dc000000| PB 0x00000006dc000000| Complete 
| 881|0x00000006dc400000, 0x00000006dc800000, 0x00000006dc800000|100%| E|CS|TAMS 0x00000006dc400000| PB 0x00000006dc400000| Complete 
| 882|0x00000006dc800000, 0x00000006dcc00000, 0x00000006dcc00000|100%| E|CS|TAMS 0x00000006dc800000| PB 0x00000006dc800000| Complete 
| 883|0x00000006dcc00000, 0x00000006dd000000, 0x00000006dd000000|100%| E|CS|TAMS 0x00000006dcc00000| PB 0x00000006dcc00000| Complete 
| 884|0x00000006dd000000, 0x00000006dd400000, 0x00000006dd400000|100%| E|CS|TAMS 0x00000006dd000000| PB 0x00000006dd000000| Complete 
| 885|0x00000006dd400000, 0x00000006dd800000, 0x00000006dd800000|100%| E|CS|TAMS 0x00000006dd400000| PB 0x00000006dd400000| Complete 
| 886|0x00000006dd800000, 0x00000006ddc00000, 0x00000006ddc00000|100%| E|CS|TAMS 0x00000006dd800000| PB 0x00000006dd800000| Complete 
| 887|0x00000006ddc00000, 0x00000006de000000, 0x00000006de000000|100%| E|CS|TAMS 0x00000006ddc00000| PB 0x00000006ddc00000| Complete 
| 888|0x00000006de000000, 0x00000006de400000, 0x00000006de400000|100%| E|CS|TAMS 0x00000006de000000| PB 0x00000006de000000| Complete 
| 889|0x00000006de400000, 0x00000006de800000, 0x00000006de800000|100%| E|CS|TAMS 0x00000006de400000| PB 0x00000006de400000| Complete 
| 890|0x00000006de800000, 0x00000006dec00000, 0x00000006dec00000|100%| E|CS|TAMS 0x00000006de800000| PB 0x00000006de800000| Complete 
| 891|0x00000006dec00000, 0x00000006df000000, 0x00000006df000000|100%| E|CS|TAMS 0x00000006dec00000| PB 0x00000006dec00000| Complete 
| 892|0x00000006df000000, 0x00000006df400000, 0x00000006df400000|100%| E|CS|TAMS 0x00000006df000000| PB 0x00000006df000000| Complete 
| 893|0x00000006df400000, 0x00000006df800000, 0x00000006df800000|100%| E|CS|TAMS 0x00000006df400000| PB 0x00000006df400000| Complete 
| 894|0x00000006df800000, 0x00000006dfc00000, 0x00000006dfc00000|100%| E|CS|TAMS 0x00000006df800000| PB 0x00000006df800000| Complete 
| 895|0x00000006dfc00000, 0x00000006e0000000, 0x00000006e0000000|100%| E|CS|TAMS 0x00000006dfc00000| PB 0x00000006dfc00000| Complete 
| 896|0x00000006e0000000, 0x00000006e0400000, 0x00000006e0400000|100%| E|CS|TAMS 0x00000006e0000000| PB 0x00000006e0000000| Complete 
| 897|0x00000006e0400000, 0x00000006e0800000, 0x00000006e0800000|100%| E|CS|TAMS 0x00000006e0400000| PB 0x00000006e0400000| Complete 
| 898|0x00000006e0800000, 0x00000006e0c00000, 0x00000006e0c00000|100%| E|CS|TAMS 0x00000006e0800000| PB 0x00000006e0800000| Complete 
| 899|0x00000006e0c00000, 0x00000006e1000000, 0x00000006e1000000|100%| E|CS|TAMS 0x00000006e0c00000| PB 0x00000006e0c00000| Complete 
| 900|0x00000006e1000000, 0x00000006e1400000, 0x00000006e1400000|100%| E|CS|TAMS 0x00000006e1000000| PB 0x00000006e1000000| Complete 
| 901|0x00000006e1400000, 0x00000006e1800000, 0x00000006e1800000|100%| E|CS|TAMS 0x00000006e1400000| PB 0x00000006e1400000| Complete 
| 902|0x00000006e1800000, 0x00000006e1c00000, 0x00000006e1c00000|100%| E|CS|TAMS 0x00000006e1800000| PB 0x00000006e1800000| Complete 
| 903|0x00000006e1c00000, 0x00000006e2000000, 0x00000006e2000000|100%| E|CS|TAMS 0x00000006e1c00000| PB 0x00000006e1c00000| Complete 
| 904|0x00000006e2000000, 0x00000006e2400000, 0x00000006e2400000|100%| E|CS|TAMS 0x00000006e2000000| PB 0x00000006e2000000| Complete 
| 905|0x00000006e2400000, 0x00000006e2800000, 0x00000006e2800000|100%| E|CS|TAMS 0x00000006e2400000| PB 0x00000006e2400000| Complete 
| 906|0x00000006e2800000, 0x00000006e2c00000, 0x00000006e2c00000|100%| E|CS|TAMS 0x00000006e2800000| PB 0x00000006e2800000| Complete 
| 907|0x00000006e2c00000, 0x00000006e3000000, 0x00000006e3000000|100%| E|CS|TAMS 0x00000006e2c00000| PB 0x00000006e2c00000| Complete 
| 908|0x00000006e3000000, 0x00000006e3400000, 0x00000006e3400000|100%| E|CS|TAMS 0x00000006e3000000| PB 0x00000006e3000000| Complete 
| 909|0x00000006e3400000, 0x00000006e3800000, 0x00000006e3800000|100%| E|CS|TAMS 0x00000006e3400000| PB 0x00000006e3400000| Complete 
| 910|0x00000006e3800000, 0x00000006e3c00000, 0x00000006e3c00000|100%| E|CS|TAMS 0x00000006e3800000| PB 0x00000006e3800000| Complete 
| 911|0x00000006e3c00000, 0x00000006e4000000, 0x00000006e4000000|100%| E|CS|TAMS 0x00000006e3c00000| PB 0x00000006e3c00000| Complete 
| 912|0x00000006e4000000, 0x00000006e4400000, 0x00000006e4400000|100%| E|CS|TAMS 0x00000006e4000000| PB 0x00000006e4000000| Complete 
| 913|0x00000006e4400000, 0x00000006e4800000, 0x00000006e4800000|100%| E|CS|TAMS 0x00000006e4400000| PB 0x00000006e4400000| Complete 
| 914|0x00000006e4800000, 0x00000006e4c00000, 0x00000006e4c00000|100%| E|CS|TAMS 0x00000006e4800000| PB 0x00000006e4800000| Complete 
| 915|0x00000006e4c00000, 0x00000006e5000000, 0x00000006e5000000|100%| E|CS|TAMS 0x00000006e4c00000| PB 0x00000006e4c00000| Complete 
| 916|0x00000006e5000000, 0x00000006e5400000, 0x00000006e5400000|100%| E|CS|TAMS 0x00000006e5000000| PB 0x00000006e5000000| Complete 
| 917|0x00000006e5400000, 0x00000006e5800000, 0x00000006e5800000|100%| E|CS|TAMS 0x00000006e5400000| PB 0x00000006e5400000| Complete 
| 918|0x00000006e5800000, 0x00000006e5c00000, 0x00000006e5c00000|100%| E|CS|TAMS 0x00000006e5800000| PB 0x00000006e5800000| Complete 
| 919|0x00000006e5c00000, 0x00000006e6000000, 0x00000006e6000000|100%| E|CS|TAMS 0x00000006e5c00000| PB 0x00000006e5c00000| Complete 
| 920|0x00000006e6000000, 0x00000006e6400000, 0x00000006e6400000|100%| E|CS|TAMS 0x00000006e6000000| PB 0x00000006e6000000| Complete 
| 921|0x00000006e6400000, 0x00000006e6800000, 0x00000006e6800000|100%| E|CS|TAMS 0x00000006e6400000| PB 0x00000006e6400000| Complete 
| 922|0x00000006e6800000, 0x00000006e6c00000, 0x00000006e6c00000|100%| E|CS|TAMS 0x00000006e6800000| PB 0x00000006e6800000| Complete 
| 923|0x00000006e6c00000, 0x00000006e7000000, 0x00000006e7000000|100%| E|CS|TAMS 0x00000006e6c00000| PB 0x00000006e6c00000| Complete 
| 924|0x00000006e7000000, 0x00000006e7400000, 0x00000006e7400000|100%| E|CS|TAMS 0x00000006e7000000| PB 0x00000006e7000000| Complete 
| 925|0x00000006e7400000, 0x00000006e7800000, 0x00000006e7800000|100%| E|CS|TAMS 0x00000006e7400000| PB 0x00000006e7400000| Complete 
| 926|0x00000006e7800000, 0x00000006e7c00000, 0x00000006e7c00000|100%| E|CS|TAMS 0x00000006e7800000| PB 0x00000006e7800000| Complete 
| 927|0x00000006e7c00000, 0x00000006e8000000, 0x00000006e8000000|100%| E|CS|TAMS 0x00000006e7c00000| PB 0x00000006e7c00000| Complete 
| 928|0x00000006e8000000, 0x00000006e8400000, 0x00000006e8400000|100%| E|CS|TAMS 0x00000006e8000000| PB 0x00000006e8000000| Complete 
| 929|0x00000006e8400000, 0x00000006e8800000, 0x00000006e8800000|100%| E|CS|TAMS 0x00000006e8400000| PB 0x00000006e8400000| Complete 
| 930|0x00000006e8800000, 0x00000006e8c00000, 0x00000006e8c00000|100%| E|CS|TAMS 0x00000006e8800000| PB 0x00000006e8800000| Complete 
| 931|0x00000006e8c00000, 0x00000006e9000000, 0x00000006e9000000|100%| E|CS|TAMS 0x00000006e8c00000| PB 0x00000006e8c00000| Complete 
| 932|0x00000006e9000000, 0x00000006e9400000, 0x00000006e9400000|100%| E|CS|TAMS 0x00000006e9000000| PB 0x00000006e9000000| Complete 
| 933|0x00000006e9400000, 0x00000006e9800000, 0x00000006e9800000|100%| E|CS|TAMS 0x00000006e9400000| PB 0x00000006e9400000| Complete 
| 934|0x00000006e9800000, 0x00000006e9c00000, 0x00000006e9c00000|100%| E|CS|TAMS 0x00000006e9800000| PB 0x00000006e9800000| Complete 
| 935|0x00000006e9c00000, 0x00000006ea000000, 0x00000006ea000000|100%| E|CS|TAMS 0x00000006e9c00000| PB 0x00000006e9c00000| Complete 
| 936|0x00000006ea000000, 0x00000006ea400000, 0x00000006ea400000|100%| E|CS|TAMS 0x00000006ea000000| PB 0x00000006ea000000| Complete 
| 937|0x00000006ea400000, 0x00000006ea800000, 0x00000006ea800000|100%| E|CS|TAMS 0x00000006ea400000| PB 0x00000006ea400000| Complete 
| 938|0x00000006ea800000, 0x00000006eac00000, 0x00000006eac00000|100%| E|CS|TAMS 0x00000006ea800000| PB 0x00000006ea800000| Complete 
| 939|0x00000006eac00000, 0x00000006eb000000, 0x00000006eb000000|100%| E|CS|TAMS 0x00000006eac00000| PB 0x00000006eac00000| Complete 
| 940|0x00000006eb000000, 0x00000006eb400000, 0x00000006eb400000|100%| E|CS|TAMS 0x00000006eb000000| PB 0x00000006eb000000| Complete 
| 941|0x00000006eb400000, 0x00000006eb800000, 0x00000006eb800000|100%| E|CS|TAMS 0x00000006eb400000| PB 0x00000006eb400000| Complete 
| 942|0x00000006eb800000, 0x00000006ebc00000, 0x00000006ebc00000|100%| E|CS|TAMS 0x00000006eb800000| PB 0x00000006eb800000| Complete 
| 943|0x00000006ebc00000, 0x00000006ec000000, 0x00000006ec000000|100%| E|CS|TAMS 0x00000006ebc00000| PB 0x00000006ebc00000| Complete 
| 944|0x00000006ec000000, 0x00000006ec400000, 0x00000006ec400000|100%| E|CS|TAMS 0x00000006ec000000| PB 0x00000006ec000000| Complete 
| 945|0x00000006ec400000, 0x00000006ec800000, 0x00000006ec800000|100%| E|CS|TAMS 0x00000006ec400000| PB 0x00000006ec400000| Complete 
| 946|0x00000006ec800000, 0x00000006ecc00000, 0x00000006ecc00000|100%| E|CS|TAMS 0x00000006ec800000| PB 0x00000006ec800000| Complete 
| 947|0x00000006ecc00000, 0x00000006ed000000, 0x00000006ed000000|100%| E|CS|TAMS 0x00000006ecc00000| PB 0x00000006ecc00000| Complete 
| 948|0x00000006ed000000, 0x00000006ed400000, 0x00000006ed400000|100%| E|CS|TAMS 0x00000006ed000000| PB 0x00000006ed000000| Complete 
| 949|0x00000006ed400000, 0x00000006ed800000, 0x00000006ed800000|100%| E|CS|TAMS 0x00000006ed400000| PB 0x00000006ed400000| Complete 
| 950|0x00000006ed800000, 0x00000006edc00000, 0x00000006edc00000|100%| E|CS|TAMS 0x00000006ed800000| PB 0x00000006ed800000| Complete 
| 951|0x00000006edc00000, 0x00000006ee000000, 0x00000006ee000000|100%| E|CS|TAMS 0x00000006edc00000| PB 0x00000006edc00000| Complete 
| 952|0x00000006ee000000, 0x00000006ee400000, 0x00000006ee400000|100%| E|CS|TAMS 0x00000006ee000000| PB 0x00000006ee000000| Complete 
| 953|0x00000006ee400000, 0x00000006ee800000, 0x00000006ee800000|100%| E|CS|TAMS 0x00000006ee400000| PB 0x00000006ee400000| Complete 
| 954|0x00000006ee800000, 0x00000006eec00000, 0x00000006eec00000|100%| E|CS|TAMS 0x00000006ee800000| PB 0x00000006ee800000| Complete 
| 955|0x00000006eec00000, 0x00000006ef000000, 0x00000006ef000000|100%| E|CS|TAMS 0x00000006eec00000| PB 0x00000006eec00000| Complete 
| 956|0x00000006ef000000, 0x00000006ef400000, 0x00000006ef400000|100%| E|CS|TAMS 0x00000006ef000000| PB 0x00000006ef000000| Complete 
| 957|0x00000006ef400000, 0x00000006ef800000, 0x00000006ef800000|100%| E|CS|TAMS 0x00000006ef400000| PB 0x00000006ef400000| Complete 
| 958|0x00000006ef800000, 0x00000006efc00000, 0x00000006efc00000|100%| E|CS|TAMS 0x00000006ef800000| PB 0x00000006ef800000| Complete 
| 959|0x00000006efc00000, 0x00000006f0000000, 0x00000006f0000000|100%| E|CS|TAMS 0x00000006efc00000| PB 0x00000006efc00000| Complete 
| 960|0x00000006f0000000, 0x00000006f0400000, 0x00000006f0400000|100%| E|CS|TAMS 0x00000006f0000000| PB 0x00000006f0000000| Complete 
| 961|0x00000006f0400000, 0x00000006f0800000, 0x00000006f0800000|100%| E|CS|TAMS 0x00000006f0400000| PB 0x00000006f0400000| Complete 
| 962|0x00000006f0800000, 0x00000006f0c00000, 0x00000006f0c00000|100%| E|CS|TAMS 0x00000006f0800000| PB 0x00000006f0800000| Complete 
| 963|0x00000006f0c00000, 0x00000006f1000000, 0x00000006f1000000|100%| E|CS|TAMS 0x00000006f0c00000| PB 0x00000006f0c00000| Complete 
| 964|0x00000006f1000000, 0x00000006f1400000, 0x00000006f1400000|100%| E|CS|TAMS 0x00000006f1000000| PB 0x00000006f1000000| Complete 
| 965|0x00000006f1400000, 0x00000006f1800000, 0x00000006f1800000|100%| E|CS|TAMS 0x00000006f1400000| PB 0x00000006f1400000| Complete 
| 966|0x00000006f1800000, 0x00000006f1c00000, 0x00000006f1c00000|100%| E|CS|TAMS 0x00000006f1800000| PB 0x00000006f1800000| Complete 
| 967|0x00000006f1c00000, 0x00000006f2000000, 0x00000006f2000000|100%| E|CS|TAMS 0x00000006f1c00000| PB 0x00000006f1c00000| Complete 
| 968|0x00000006f2000000, 0x00000006f2400000, 0x00000006f2400000|100%| E|CS|TAMS 0x00000006f2000000| PB 0x00000006f2000000| Complete 
| 969|0x00000006f2400000, 0x00000006f2800000, 0x00000006f2800000|100%| E|CS|TAMS 0x00000006f2400000| PB 0x00000006f2400000| Complete 
| 970|0x00000006f2800000, 0x00000006f2c00000, 0x00000006f2c00000|100%| E|CS|TAMS 0x00000006f2800000| PB 0x00000006f2800000| Complete 
| 971|0x00000006f2c00000, 0x00000006f3000000, 0x00000006f3000000|100%| E|CS|TAMS 0x00000006f2c00000| PB 0x00000006f2c00000| Complete 
| 972|0x00000006f3000000, 0x00000006f3400000, 0x00000006f3400000|100%| E|CS|TAMS 0x00000006f3000000| PB 0x00000006f3000000| Complete 
| 973|0x00000006f3400000, 0x00000006f3800000, 0x00000006f3800000|100%| E|CS|TAMS 0x00000006f3400000| PB 0x00000006f3400000| Complete 
| 974|0x00000006f3800000, 0x00000006f3c00000, 0x00000006f3c00000|100%| E|CS|TAMS 0x00000006f3800000| PB 0x00000006f3800000| Complete 
| 975|0x00000006f3c00000, 0x00000006f4000000, 0x00000006f4000000|100%| E|CS|TAMS 0x00000006f3c00000| PB 0x00000006f3c00000| Complete 
| 976|0x00000006f4000000, 0x00000006f4400000, 0x00000006f4400000|100%| E|CS|TAMS 0x00000006f4000000| PB 0x00000006f4000000| Complete 
| 977|0x00000006f4400000, 0x00000006f4800000, 0x00000006f4800000|100%| E|CS|TAMS 0x00000006f4400000| PB 0x00000006f4400000| Complete 
| 978|0x00000006f4800000, 0x00000006f4c00000, 0x00000006f4c00000|100%| E|CS|TAMS 0x00000006f4800000| PB 0x00000006f4800000| Complete 
| 979|0x00000006f4c00000, 0x00000006f5000000, 0x00000006f5000000|100%| E|CS|TAMS 0x00000006f4c00000| PB 0x00000006f4c00000| Complete 
| 980|0x00000006f5000000, 0x00000006f5400000, 0x00000006f5400000|100%| E|CS|TAMS 0x00000006f5000000| PB 0x00000006f5000000| Complete 
| 981|0x00000006f5400000, 0x00000006f5800000, 0x00000006f5800000|100%| E|CS|TAMS 0x00000006f5400000| PB 0x00000006f5400000| Complete 
| 982|0x00000006f5800000, 0x00000006f5c00000, 0x00000006f5c00000|100%| E|CS|TAMS 0x00000006f5800000| PB 0x00000006f5800000| Complete 
| 983|0x00000006f5c00000, 0x00000006f6000000, 0x00000006f6000000|100%| E|CS|TAMS 0x00000006f5c00000| PB 0x00000006f5c00000| Complete 
| 984|0x00000006f6000000, 0x00000006f6400000, 0x00000006f6400000|100%| E|CS|TAMS 0x00000006f6000000| PB 0x00000006f6000000| Complete 
| 985|0x00000006f6400000, 0x00000006f6800000, 0x00000006f6800000|100%| E|CS|TAMS 0x00000006f6400000| PB 0x00000006f6400000| Complete 
| 986|0x00000006f6800000, 0x00000006f6c00000, 0x00000006f6c00000|100%| E|CS|TAMS 0x00000006f6800000| PB 0x00000006f6800000| Complete 
| 987|0x00000006f6c00000, 0x00000006f7000000, 0x00000006f7000000|100%| E|CS|TAMS 0x00000006f6c00000| PB 0x00000006f6c00000| Complete 
| 988|0x00000006f7000000, 0x00000006f7400000, 0x00000006f7400000|100%| E|CS|TAMS 0x00000006f7000000| PB 0x00000006f7000000| Complete 
| 989|0x00000006f7400000, 0x00000006f7800000, 0x00000006f7800000|100%| E|CS|TAMS 0x00000006f7400000| PB 0x00000006f7400000| Complete 
| 990|0x00000006f7800000, 0x00000006f7c00000, 0x00000006f7c00000|100%| E|CS|TAMS 0x00000006f7800000| PB 0x00000006f7800000| Complete 
| 991|0x00000006f7c00000, 0x00000006f8000000, 0x00000006f8000000|100%| E|CS|TAMS 0x00000006f7c00000| PB 0x00000006f7c00000| Complete 
| 992|0x00000006f8000000, 0x00000006f8400000, 0x00000006f8400000|100%| E|CS|TAMS 0x00000006f8000000| PB 0x00000006f8000000| Complete 
| 993|0x00000006f8400000, 0x00000006f8800000, 0x00000006f8800000|100%| E|CS|TAMS 0x00000006f8400000| PB 0x00000006f8400000| Complete 
| 994|0x00000006f8800000, 0x00000006f8c00000, 0x00000006f8c00000|100%| E|CS|TAMS 0x00000006f8800000| PB 0x00000006f8800000| Complete 
| 995|0x00000006f8c00000, 0x00000006f9000000, 0x00000006f9000000|100%| E|CS|TAMS 0x00000006f8c00000| PB 0x00000006f8c00000| Complete 
| 996|0x00000006f9000000, 0x00000006f9400000, 0x00000006f9400000|100%| E|CS|TAMS 0x00000006f9000000| PB 0x00000006f9000000| Complete 
| 997|0x00000006f9400000, 0x00000006f9800000, 0x00000006f9800000|100%| E|CS|TAMS 0x00000006f9400000| PB 0x00000006f9400000| Complete 
| 998|0x00000006f9800000, 0x00000006f9c00000, 0x00000006f9c00000|100%| E|CS|TAMS 0x00000006f9800000| PB 0x00000006f9800000| Complete 
| 999|0x00000006f9c00000, 0x00000006fa000000, 0x00000006fa000000|100%| E|CS|TAMS 0x00000006f9c00000| PB 0x00000006f9c00000| Complete 
|1000|0x00000006fa000000, 0x00000006fa400000, 0x00000006fa400000|100%| E|CS|TAMS 0x00000006fa000000| PB 0x00000006fa000000| Complete 
|1001|0x00000006fa400000, 0x00000006fa800000, 0x00000006fa800000|100%| E|CS|TAMS 0x00000006fa400000| PB 0x00000006fa400000| Complete 
|1002|0x00000006fa800000, 0x00000006fac00000, 0x00000006fac00000|100%| E|CS|TAMS 0x00000006fa800000| PB 0x00000006fa800000| Complete 
|1003|0x00000006fac00000, 0x00000006fb000000, 0x00000006fb000000|100%| E|CS|TAMS 0x00000006fac00000| PB 0x00000006fac00000| Complete 
|1004|0x00000006fb000000, 0x00000006fb400000, 0x00000006fb400000|100%| E|CS|TAMS 0x00000006fb000000| PB 0x00000006fb000000| Complete 
|1005|0x00000006fb400000, 0x00000006fb800000, 0x00000006fb800000|100%| E|CS|TAMS 0x00000006fb400000| PB 0x00000006fb400000| Complete 
|1006|0x00000006fb800000, 0x00000006fbc00000, 0x00000006fbc00000|100%| E|CS|TAMS 0x00000006fb800000| PB 0x00000006fb800000| Complete 
|1007|0x00000006fbc00000, 0x00000006fc000000, 0x00000006fc000000|100%| E|CS|TAMS 0x00000006fbc00000| PB 0x00000006fbc00000| Complete 
|1008|0x00000006fc000000, 0x00000006fc400000, 0x00000006fc400000|100%| E|CS|TAMS 0x00000006fc000000| PB 0x00000006fc000000| Complete 
|1009|0x00000006fc400000, 0x00000006fc800000, 0x00000006fc800000|100%| E|CS|TAMS 0x00000006fc400000| PB 0x00000006fc400000| Complete 
|1010|0x00000006fc800000, 0x00000006fcc00000, 0x00000006fcc00000|100%| E|CS|TAMS 0x00000006fc800000| PB 0x00000006fc800000| Complete 
|1011|0x00000006fcc00000, 0x00000006fd000000, 0x00000006fd000000|100%| E|CS|TAMS 0x00000006fcc00000| PB 0x00000006fcc00000| Complete 
|1012|0x00000006fd000000, 0x00000006fd400000, 0x00000006fd400000|100%| E|CS|TAMS 0x00000006fd000000| PB 0x00000006fd000000| Complete 
|1013|0x00000006fd400000, 0x00000006fd800000, 0x00000006fd800000|100%| E|CS|TAMS 0x00000006fd400000| PB 0x00000006fd400000| Complete 
|1014|0x00000006fd800000, 0x00000006fdc00000, 0x00000006fdc00000|100%| E|CS|TAMS 0x00000006fd800000| PB 0x00000006fd800000| Complete 
|1015|0x00000006fdc00000, 0x00000006fe000000, 0x00000006fe000000|100%| E|CS|TAMS 0x00000006fdc00000| PB 0x00000006fdc00000| Complete 
|1016|0x00000006fe000000, 0x00000006fe400000, 0x00000006fe400000|100%| E|CS|TAMS 0x00000006fe000000| PB 0x00000006fe000000| Complete 
|1017|0x00000006fe400000, 0x00000006fe800000, 0x00000006fe800000|100%| E|CS|TAMS 0x00000006fe400000| PB 0x00000006fe400000| Complete 
|1018|0x00000006fe800000, 0x00000006fec00000, 0x00000006fec00000|100%| E|CS|TAMS 0x00000006fe800000| PB 0x00000006fe800000| Complete 
|1019|0x00000006fec00000, 0x00000006ff000000, 0x00000006ff000000|100%| E|CS|TAMS 0x00000006fec00000| PB 0x00000006fec00000| Complete 
|1020|0x00000006ff000000, 0x00000006ff400000, 0x00000006ff400000|100%| E|CS|TAMS 0x00000006ff000000| PB 0x00000006ff000000| Complete 
|1021|0x00000006ff400000, 0x00000006ff800000, 0x00000006ff800000|100%| E|CS|TAMS 0x00000006ff400000| PB 0x00000006ff400000| Complete 
|1022|0x00000006ff800000, 0x00000006ffc00000, 0x00000006ffc00000|100%| E|CS|TAMS 0x00000006ff800000| PB 0x00000006ff800000| Complete 
|1023|0x00000006ffc00000, 0x0000000700000000, 0x0000000700000000|100%| E|CS|TAMS 0x00000006ffc00000| PB 0x00000006ffc00000| Complete 
|1024|0x0000000700000000, 0x0000000700400000, 0x0000000700400000|100%| E|CS|TAMS 0x0000000700000000| PB 0x0000000700000000| Complete 
|1025|0x0000000700400000, 0x0000000700800000, 0x0000000700800000|100%| E|CS|TAMS 0x0000000700400000| PB 0x0000000700400000| Complete 
|1026|0x0000000700800000, 0x0000000700c00000, 0x0000000700c00000|100%| E|CS|TAMS 0x0000000700800000| PB 0x0000000700800000| Complete 
|1027|0x0000000700c00000, 0x0000000701000000, 0x0000000701000000|100%| E|CS|TAMS 0x0000000700c00000| PB 0x0000000700c00000| Complete 
|1028|0x0000000701000000, 0x0000000701400000, 0x0000000701400000|100%| E|CS|TAMS 0x0000000701000000| PB 0x0000000701000000| Complete 
|1029|0x0000000701400000, 0x0000000701800000, 0x0000000701800000|100%| E|CS|TAMS 0x0000000701400000| PB 0x0000000701400000| Complete 
|1030|0x0000000701800000, 0x0000000701c00000, 0x0000000701c00000|100%| E|CS|TAMS 0x0000000701800000| PB 0x0000000701800000| Complete 
|1031|0x0000000701c00000, 0x0000000702000000, 0x0000000702000000|100%| E|CS|TAMS 0x0000000701c00000| PB 0x0000000701c00000| Complete 
|1032|0x0000000702000000, 0x0000000702400000, 0x0000000702400000|100%| E|CS|TAMS 0x0000000702000000| PB 0x0000000702000000| Complete 
|1033|0x0000000702400000, 0x0000000702800000, 0x0000000702800000|100%| E|CS|TAMS 0x0000000702400000| PB 0x0000000702400000| Complete 
|1034|0x0000000702800000, 0x0000000702c00000, 0x0000000702c00000|100%| E|CS|TAMS 0x0000000702800000| PB 0x0000000702800000| Complete 
|1035|0x0000000702c00000, 0x0000000703000000, 0x0000000703000000|100%| E|CS|TAMS 0x0000000702c00000| PB 0x0000000702c00000| Complete 
|1036|0x0000000703000000, 0x0000000703400000, 0x0000000703400000|100%| E|CS|TAMS 0x0000000703000000| PB 0x0000000703000000| Complete 
|1037|0x0000000703400000, 0x0000000703800000, 0x0000000703800000|100%| E|CS|TAMS 0x0000000703400000| PB 0x0000000703400000| Complete 
|1038|0x0000000703800000, 0x0000000703c00000, 0x0000000703c00000|100%| E|CS|TAMS 0x0000000703800000| PB 0x0000000703800000| Complete 
|1039|0x0000000703c00000, 0x0000000704000000, 0x0000000704000000|100%| E|CS|TAMS 0x0000000703c00000| PB 0x0000000703c00000| Complete 
|1040|0x0000000704000000, 0x0000000704400000, 0x0000000704400000|100%| E|CS|TAMS 0x0000000704000000| PB 0x0000000704000000| Complete 
|1041|0x0000000704400000, 0x0000000704800000, 0x0000000704800000|100%| E|CS|TAMS 0x0000000704400000| PB 0x0000000704400000| Complete 
|1042|0x0000000704800000, 0x0000000704c00000, 0x0000000704c00000|100%| E|CS|TAMS 0x0000000704800000| PB 0x0000000704800000| Complete 
|1043|0x0000000704c00000, 0x0000000705000000, 0x0000000705000000|100%| E|CS|TAMS 0x0000000704c00000| PB 0x0000000704c00000| Complete 
|1044|0x0000000705000000, 0x0000000705400000, 0x0000000705400000|100%| E|CS|TAMS 0x0000000705000000| PB 0x0000000705000000| Complete 
|1045|0x0000000705400000, 0x0000000705800000, 0x0000000705800000|100%| E|CS|TAMS 0x0000000705400000| PB 0x0000000705400000| Complete 
|1046|0x0000000705800000, 0x0000000705c00000, 0x0000000705c00000|100%| E|CS|TAMS 0x0000000705800000| PB 0x0000000705800000| Complete 
|1047|0x0000000705c00000, 0x0000000706000000, 0x0000000706000000|100%| E|CS|TAMS 0x0000000705c00000| PB 0x0000000705c00000| Complete 
|1048|0x0000000706000000, 0x0000000706400000, 0x0000000706400000|100%| E|CS|TAMS 0x0000000706000000| PB 0x0000000706000000| Complete 
|1049|0x0000000706400000, 0x0000000706800000, 0x0000000706800000|100%| E|CS|TAMS 0x0000000706400000| PB 0x0000000706400000| Complete 
|1050|0x0000000706800000, 0x0000000706c00000, 0x0000000706c00000|100%| E|CS|TAMS 0x0000000706800000| PB 0x0000000706800000| Complete 
|1051|0x0000000706c00000, 0x0000000707000000, 0x0000000707000000|100%| E|CS|TAMS 0x0000000706c00000| PB 0x0000000706c00000| Complete 
|1052|0x0000000707000000, 0x0000000707400000, 0x0000000707400000|100%| E|CS|TAMS 0x0000000707000000| PB 0x0000000707000000| Complete 
|1053|0x0000000707400000, 0x0000000707800000, 0x0000000707800000|100%| E|CS|TAMS 0x0000000707400000| PB 0x0000000707400000| Complete 
|1054|0x0000000707800000, 0x0000000707c00000, 0x0000000707c00000|100%| E|CS|TAMS 0x0000000707800000| PB 0x0000000707800000| Complete 
|1055|0x0000000707c00000, 0x0000000708000000, 0x0000000708000000|100%| E|CS|TAMS 0x0000000707c00000| PB 0x0000000707c00000| Complete 
|1056|0x0000000708000000, 0x0000000708400000, 0x0000000708400000|100%| E|CS|TAMS 0x0000000708000000| PB 0x0000000708000000| Complete 
|1057|0x0000000708400000, 0x0000000708800000, 0x0000000708800000|100%| E|CS|TAMS 0x0000000708400000| PB 0x0000000708400000| Complete 
|1058|0x0000000708800000, 0x0000000708c00000, 0x0000000708c00000|100%| E|CS|TAMS 0x0000000708800000| PB 0x0000000708800000| Complete 
|1059|0x0000000708c00000, 0x0000000709000000, 0x0000000709000000|100%| E|CS|TAMS 0x0000000708c00000| PB 0x0000000708c00000| Complete 
|1060|0x0000000709000000, 0x0000000709400000, 0x0000000709400000|100%| E|CS|TAMS 0x0000000709000000| PB 0x0000000709000000| Complete 
|1061|0x0000000709400000, 0x0000000709800000, 0x0000000709800000|100%| E|CS|TAMS 0x0000000709400000| PB 0x0000000709400000| Complete 
|1062|0x0000000709800000, 0x0000000709c00000, 0x0000000709c00000|100%| E|CS|TAMS 0x0000000709800000| PB 0x0000000709800000| Complete 
|1063|0x0000000709c00000, 0x000000070a000000, 0x000000070a000000|100%| E|CS|TAMS 0x0000000709c00000| PB 0x0000000709c00000| Complete 
|1064|0x000000070a000000, 0x000000070a382f00, 0x000000070a400000| 87%| S|CS|TAMS 0x000000070a000000| PB 0x000000070a000000| Complete 
|1065|0x000000070a400000, 0x000000070a800000, 0x000000070a800000|100%| E|CS|TAMS 0x000000070a400000| PB 0x000000070a400000| Complete 
|1066|0x000000070a800000, 0x000000070ac00000, 0x000000070ac00000|100%| S|CS|TAMS 0x000000070a800000| PB 0x000000070a800000| Complete 
|1067|0x000000070ac00000, 0x000000070b000000, 0x000000070b000000|100%| S|CS|TAMS 0x000000070ac00000| PB 0x000000070ac00000| Complete 
|1068|0x000000070b000000, 0x000000070b400000, 0x000000070b400000|100%| E|CS|TAMS 0x000000070b000000| PB 0x000000070b000000| Complete 
|1069|0x000000070b400000, 0x000000070b800000, 0x000000070b800000|100%| E|CS|TAMS 0x000000070b400000| PB 0x000000070b400000| Complete 
|1070|0x000000070b800000, 0x000000070bc00000, 0x000000070bc00000|100%| S|CS|TAMS 0x000000070b800000| PB 0x000000070b800000| Complete 
|1071|0x000000070bc00000, 0x000000070c000000, 0x000000070c000000|100%| E|CS|TAMS 0x000000070bc00000| PB 0x000000070bc00000| Complete 
|1072|0x000000070c000000, 0x000000070c400000, 0x000000070c400000|100%| E|CS|TAMS 0x000000070c000000| PB 0x000000070c000000| Complete 
|1073|0x000000070c400000, 0x000000070c800000, 0x000000070c800000|100%| E|CS|TAMS 0x000000070c400000| PB 0x000000070c400000| Complete 
|1074|0x000000070c800000, 0x000000070cc00000, 0x000000070cc00000|100%| E|CS|TAMS 0x000000070c800000| PB 0x000000070c800000| Complete 
|1075|0x000000070cc00000, 0x000000070d000000, 0x000000070d000000|100%| E|CS|TAMS 0x000000070cc00000| PB 0x000000070cc00000| Complete 
|1076|0x000000070d000000, 0x000000070d400000, 0x000000070d400000|100%| E|CS|TAMS 0x000000070d000000| PB 0x000000070d000000| Complete 
|1077|0x000000070d400000, 0x000000070d800000, 0x000000070d800000|100%| E|CS|TAMS 0x000000070d400000| PB 0x000000070d400000| Complete 
|1078|0x000000070d800000, 0x000000070dc00000, 0x000000070dc00000|100%| E|CS|TAMS 0x000000070d800000| PB 0x000000070d800000| Complete 
|1079|0x000000070dc00000, 0x000000070e000000, 0x000000070e000000|100%| E|CS|TAMS 0x000000070dc00000| PB 0x000000070dc00000| Complete 
|1080|0x000000070e000000, 0x000000070e400000, 0x000000070e400000|100%| E|CS|TAMS 0x000000070e000000| PB 0x000000070e000000| Complete 
|1081|0x000000070e400000, 0x000000070e800000, 0x000000070e800000|100%| E|CS|TAMS 0x000000070e400000| PB 0x000000070e400000| Complete 
|1082|0x000000070e800000, 0x000000070ec00000, 0x000000070ec00000|100%| E|CS|TAMS 0x000000070e800000| PB 0x000000070e800000| Complete 
|1083|0x000000070ec00000, 0x000000070f000000, 0x000000070f000000|100%| E|CS|TAMS 0x000000070ec00000| PB 0x000000070ec00000| Complete 
|1084|0x000000070f000000, 0x000000070f400000, 0x000000070f400000|100%| E|CS|TAMS 0x000000070f000000| PB 0x000000070f000000| Complete 
|1085|0x000000070f400000, 0x000000070f800000, 0x000000070f800000|100%| E|CS|TAMS 0x000000070f400000| PB 0x000000070f400000| Complete 
|1086|0x000000070f800000, 0x000000070fc00000, 0x000000070fc00000|100%| E|CS|TAMS 0x000000070f800000| PB 0x000000070f800000| Complete 
|1087|0x000000070fc00000, 0x0000000710000000, 0x0000000710000000|100%| E|CS|TAMS 0x000000070fc00000| PB 0x000000070fc00000| Complete 
|1088|0x0000000710000000, 0x0000000710400000, 0x0000000710400000|100%| E|CS|TAMS 0x0000000710000000| PB 0x0000000710000000| Complete 
|1089|0x0000000710400000, 0x0000000710800000, 0x0000000710800000|100%| E|CS|TAMS 0x0000000710400000| PB 0x0000000710400000| Complete 
|1090|0x0000000710800000, 0x0000000710c00000, 0x0000000710c00000|100%| E|CS|TAMS 0x0000000710800000| PB 0x0000000710800000| Complete 
|1091|0x0000000710c00000, 0x0000000711000000, 0x0000000711000000|100%| E|CS|TAMS 0x0000000710c00000| PB 0x0000000710c00000| Complete 
|1092|0x0000000711000000, 0x0000000711400000, 0x0000000711400000|100%| E|CS|TAMS 0x0000000711000000| PB 0x0000000711000000| Complete 
|1093|0x0000000711400000, 0x0000000711800000, 0x0000000711800000|100%| E|CS|TAMS 0x0000000711400000| PB 0x0000000711400000| Complete 
|1094|0x0000000711800000, 0x0000000711c00000, 0x0000000711c00000|100%| E|CS|TAMS 0x0000000711800000| PB 0x0000000711800000| Complete 
|1095|0x0000000711c00000, 0x0000000712000000, 0x0000000712000000|100%| E|CS|TAMS 0x0000000711c00000| PB 0x0000000711c00000| Complete 
|1096|0x0000000712000000, 0x0000000712400000, 0x0000000712400000|100%| E|CS|TAMS 0x0000000712000000| PB 0x0000000712000000| Complete 
|1097|0x0000000712400000, 0x0000000712800000, 0x0000000712800000|100%| E|CS|TAMS 0x0000000712400000| PB 0x0000000712400000| Complete 
|1098|0x0000000712800000, 0x0000000712c00000, 0x0000000712c00000|100%| E|CS|TAMS 0x0000000712800000| PB 0x0000000712800000| Complete 
|1099|0x0000000712c00000, 0x0000000713000000, 0x0000000713000000|100%| E|CS|TAMS 0x0000000712c00000| PB 0x0000000712c00000| Complete 
|1100|0x0000000713000000, 0x0000000713400000, 0x0000000713400000|100%| E|CS|TAMS 0x0000000713000000| PB 0x0000000713000000| Complete 
|1101|0x0000000713400000, 0x0000000713800000, 0x0000000713800000|100%| E|CS|TAMS 0x0000000713400000| PB 0x0000000713400000| Complete 
|1102|0x0000000713800000, 0x0000000713c00000, 0x0000000713c00000|100%| E|CS|TAMS 0x0000000713800000| PB 0x0000000713800000| Complete 
|1103|0x0000000713c00000, 0x0000000714000000, 0x0000000714000000|100%| E|CS|TAMS 0x0000000713c00000| PB 0x0000000713c00000| Complete 
|1104|0x0000000714000000, 0x0000000714400000, 0x0000000714400000|100%| E|CS|TAMS 0x0000000714000000| PB 0x0000000714000000| Complete 
|1105|0x0000000714400000, 0x0000000714800000, 0x0000000714800000|100%| E|CS|TAMS 0x0000000714400000| PB 0x0000000714400000| Complete 
|1106|0x0000000714800000, 0x0000000714c00000, 0x0000000714c00000|100%| E|CS|TAMS 0x0000000714800000| PB 0x0000000714800000| Complete 
|1107|0x0000000714c00000, 0x0000000715000000, 0x0000000715000000|100%| E|CS|TAMS 0x0000000714c00000| PB 0x0000000714c00000| Complete 
|1108|0x0000000715000000, 0x0000000715400000, 0x0000000715400000|100%| E|CS|TAMS 0x0000000715000000| PB 0x0000000715000000| Complete 
|1109|0x0000000715400000, 0x0000000715800000, 0x0000000715800000|100%| E|CS|TAMS 0x0000000715400000| PB 0x0000000715400000| Complete 
|1110|0x0000000715800000, 0x0000000715c00000, 0x0000000715c00000|100%| E|CS|TAMS 0x0000000715800000| PB 0x0000000715800000| Complete 
|1111|0x0000000715c00000, 0x0000000716000000, 0x0000000716000000|100%| E|CS|TAMS 0x0000000715c00000| PB 0x0000000715c00000| Complete 
|1112|0x0000000716000000, 0x0000000716400000, 0x0000000716400000|100%| E|CS|TAMS 0x0000000716000000| PB 0x0000000716000000| Complete 
|1113|0x0000000716400000, 0x0000000716800000, 0x0000000716800000|100%| E|CS|TAMS 0x0000000716400000| PB 0x0000000716400000| Complete 
|1114|0x0000000716800000, 0x0000000716c00000, 0x0000000716c00000|100%| E|CS|TAMS 0x0000000716800000| PB 0x0000000716800000| Complete 
|1115|0x0000000716c00000, 0x0000000717000000, 0x0000000717000000|100%| E|CS|TAMS 0x0000000716c00000| PB 0x0000000716c00000| Complete 
|1116|0x0000000717000000, 0x0000000717400000, 0x0000000717400000|100%| E|CS|TAMS 0x0000000717000000| PB 0x0000000717000000| Complete 
|1117|0x0000000717400000, 0x0000000717800000, 0x0000000717800000|100%| E|CS|TAMS 0x0000000717400000| PB 0x0000000717400000| Complete 
|1118|0x0000000717800000, 0x0000000717c00000, 0x0000000717c00000|100%| E|CS|TAMS 0x0000000717800000| PB 0x0000000717800000| Complete 
|1119|0x0000000717c00000, 0x0000000718000000, 0x0000000718000000|100%| E|CS|TAMS 0x0000000717c00000| PB 0x0000000717c00000| Complete 
|1120|0x0000000718000000, 0x0000000718400000, 0x0000000718400000|100%| E|CS|TAMS 0x0000000718000000| PB 0x0000000718000000| Complete 
|1121|0x0000000718400000, 0x0000000718800000, 0x0000000718800000|100%| E|CS|TAMS 0x0000000718400000| PB 0x0000000718400000| Complete 
|1122|0x0000000718800000, 0x0000000718c00000, 0x0000000718c00000|100%| E|CS|TAMS 0x0000000718800000| PB 0x0000000718800000| Complete 
|1123|0x0000000718c00000, 0x0000000719000000, 0x0000000719000000|100%| E|CS|TAMS 0x0000000718c00000| PB 0x0000000718c00000| Complete 
|1124|0x0000000719000000, 0x0000000719400000, 0x0000000719400000|100%| E|CS|TAMS 0x0000000719000000| PB 0x0000000719000000| Complete 
|1125|0x0000000719400000, 0x0000000719800000, 0x0000000719800000|100%| E|CS|TAMS 0x0000000719400000| PB 0x0000000719400000| Complete 
|1126|0x0000000719800000, 0x0000000719c00000, 0x0000000719c00000|100%| E|CS|TAMS 0x0000000719800000| PB 0x0000000719800000| Complete 
|1127|0x0000000719c00000, 0x000000071a000000, 0x000000071a000000|100%| E|CS|TAMS 0x0000000719c00000| PB 0x0000000719c00000| Complete 
|1128|0x000000071a000000, 0x000000071a400000, 0x000000071a400000|100%| E|CS|TAMS 0x000000071a000000| PB 0x000000071a000000| Complete 
|1129|0x000000071a400000, 0x000000071a800000, 0x000000071a800000|100%| E|CS|TAMS 0x000000071a400000| PB 0x000000071a400000| Complete 
|1130|0x000000071a800000, 0x000000071ac00000, 0x000000071ac00000|100%| E|CS|TAMS 0x000000071a800000| PB 0x000000071a800000| Complete 
|1131|0x000000071ac00000, 0x000000071b000000, 0x000000071b000000|100%| E|CS|TAMS 0x000000071ac00000| PB 0x000000071ac00000| Complete 
|1132|0x000000071b000000, 0x000000071b400000, 0x000000071b400000|100%| E|CS|TAMS 0x000000071b000000| PB 0x000000071b000000| Complete 
|1133|0x000000071b400000, 0x000000071b800000, 0x000000071b800000|100%| E|CS|TAMS 0x000000071b400000| PB 0x000000071b400000| Complete 
|1134|0x000000071b800000, 0x000000071bc00000, 0x000000071bc00000|100%| E|CS|TAMS 0x000000071b800000| PB 0x000000071b800000| Complete 
|1135|0x000000071bc00000, 0x000000071c000000, 0x000000071c000000|100%| E|CS|TAMS 0x000000071bc00000| PB 0x000000071bc00000| Complete 
|1136|0x000000071c000000, 0x000000071c400000, 0x000000071c400000|100%| E|CS|TAMS 0x000000071c000000| PB 0x000000071c000000| Complete 
|1137|0x000000071c400000, 0x000000071c800000, 0x000000071c800000|100%| E|CS|TAMS 0x000000071c400000| PB 0x000000071c400000| Complete 
|1138|0x000000071c800000, 0x000000071cc00000, 0x000000071cc00000|100%| E|CS|TAMS 0x000000071c800000| PB 0x000000071c800000| Complete 
|1139|0x000000071cc00000, 0x000000071d000000, 0x000000071d000000|100%| E|CS|TAMS 0x000000071cc00000| PB 0x000000071cc00000| Complete 
|1140|0x000000071d000000, 0x000000071d400000, 0x000000071d400000|100%| E|CS|TAMS 0x000000071d000000| PB 0x000000071d000000| Complete 
|1141|0x000000071d400000, 0x000000071d800000, 0x000000071d800000|100%| E|CS|TAMS 0x000000071d400000| PB 0x000000071d400000| Complete 
|1142|0x000000071d800000, 0x000000071dc00000, 0x000000071dc00000|100%| E|CS|TAMS 0x000000071d800000| PB 0x000000071d800000| Complete 
|1143|0x000000071dc00000, 0x000000071e000000, 0x000000071e000000|100%| E|CS|TAMS 0x000000071dc00000| PB 0x000000071dc00000| Complete 
|1144|0x000000071e000000, 0x000000071e400000, 0x000000071e400000|100%| E|CS|TAMS 0x000000071e000000| PB 0x000000071e000000| Complete 
|1145|0x000000071e400000, 0x000000071e800000, 0x000000071e800000|100%| E|CS|TAMS 0x000000071e400000| PB 0x000000071e400000| Complete 
|1146|0x000000071e800000, 0x000000071ec00000, 0x000000071ec00000|100%| E|CS|TAMS 0x000000071e800000| PB 0x000000071e800000| Complete 
|1147|0x000000071ec00000, 0x000000071f000000, 0x000000071f000000|100%| E|CS|TAMS 0x000000071ec00000| PB 0x000000071ec00000| Complete 
|1148|0x000000071f000000, 0x000000071f400000, 0x000000071f400000|100%| E|CS|TAMS 0x000000071f000000| PB 0x000000071f000000| Complete 
|1149|0x000000071f400000, 0x000000071f800000, 0x000000071f800000|100%| E|CS|TAMS 0x000000071f400000| PB 0x000000071f400000| Complete 
|1150|0x000000071f800000, 0x000000071fc00000, 0x000000071fc00000|100%| E|CS|TAMS 0x000000071f800000| PB 0x000000071f800000| Complete 
|1151|0x000000071fc00000, 0x0000000720000000, 0x0000000720000000|100%| E|CS|TAMS 0x000000071fc00000| PB 0x000000071fc00000| Complete 
|1152|0x0000000720000000, 0x0000000720400000, 0x0000000720400000|100%| E|CS|TAMS 0x0000000720000000| PB 0x0000000720000000| Complete 
|1153|0x0000000720400000, 0x0000000720800000, 0x0000000720800000|100%| E|CS|TAMS 0x0000000720400000| PB 0x0000000720400000| Complete 
|1154|0x0000000720800000, 0x0000000720c00000, 0x0000000720c00000|100%| E|CS|TAMS 0x0000000720800000| PB 0x0000000720800000| Complete 
|1155|0x0000000720c00000, 0x0000000721000000, 0x0000000721000000|100%| E|CS|TAMS 0x0000000720c00000| PB 0x0000000720c00000| Complete 
|1156|0x0000000721000000, 0x0000000721400000, 0x0000000721400000|100%| E|CS|TAMS 0x0000000721000000| PB 0x0000000721000000| Complete 
|1157|0x0000000721400000, 0x0000000721800000, 0x0000000721800000|100%| E|CS|TAMS 0x0000000721400000| PB 0x0000000721400000| Complete 
|1158|0x0000000721800000, 0x0000000721c00000, 0x0000000721c00000|100%| E|CS|TAMS 0x0000000721800000| PB 0x0000000721800000| Complete 
|1159|0x0000000721c00000, 0x0000000722000000, 0x0000000722000000|100%| E|CS|TAMS 0x0000000721c00000| PB 0x0000000721c00000| Complete 
|1160|0x0000000722000000, 0x0000000722400000, 0x0000000722400000|100%| E|CS|TAMS 0x0000000722000000| PB 0x0000000722000000| Complete 
|1161|0x0000000722400000, 0x0000000722800000, 0x0000000722800000|100%| E|CS|TAMS 0x0000000722400000| PB 0x0000000722400000| Complete 
|1162|0x0000000722800000, 0x0000000722c00000, 0x0000000722c00000|100%| E|CS|TAMS 0x0000000722800000| PB 0x0000000722800000| Complete 
|1163|0x0000000722c00000, 0x0000000723000000, 0x0000000723000000|100%| E|CS|TAMS 0x0000000722c00000| PB 0x0000000722c00000| Complete 
|1164|0x0000000723000000, 0x0000000723400000, 0x0000000723400000|100%| E|CS|TAMS 0x0000000723000000| PB 0x0000000723000000| Complete 
|1165|0x0000000723400000, 0x0000000723800000, 0x0000000723800000|100%| E|CS|TAMS 0x0000000723400000| PB 0x0000000723400000| Complete 
|1166|0x0000000723800000, 0x0000000723c00000, 0x0000000723c00000|100%| E|CS|TAMS 0x0000000723800000| PB 0x0000000723800000| Complete 
|1167|0x0000000723c00000, 0x0000000724000000, 0x0000000724000000|100%| E|CS|TAMS 0x0000000723c00000| PB 0x0000000723c00000| Complete 
|1168|0x0000000724000000, 0x0000000724400000, 0x0000000724400000|100%| E|CS|TAMS 0x0000000724000000| PB 0x0000000724000000| Complete 
|1169|0x0000000724400000, 0x0000000724800000, 0x0000000724800000|100%| E|CS|TAMS 0x0000000724400000| PB 0x0000000724400000| Complete 
|1170|0x0000000724800000, 0x0000000724c00000, 0x0000000724c00000|100%| E|CS|TAMS 0x0000000724800000| PB 0x0000000724800000| Complete 
|1171|0x0000000724c00000, 0x0000000725000000, 0x0000000725000000|100%| E|CS|TAMS 0x0000000724c00000| PB 0x0000000724c00000| Complete 
|1172|0x0000000725000000, 0x0000000725400000, 0x0000000725400000|100%| E|CS|TAMS 0x0000000725000000| PB 0x0000000725000000| Complete 
|1173|0x0000000725400000, 0x0000000725800000, 0x0000000725800000|100%| E|CS|TAMS 0x0000000725400000| PB 0x0000000725400000| Complete 
|1174|0x0000000725800000, 0x0000000725c00000, 0x0000000725c00000|100%| E|CS|TAMS 0x0000000725800000| PB 0x0000000725800000| Complete 
|1175|0x0000000725c00000, 0x0000000726000000, 0x0000000726000000|100%| E|CS|TAMS 0x0000000725c00000| PB 0x0000000725c00000| Complete 
|1176|0x0000000726000000, 0x0000000726400000, 0x0000000726400000|100%| E|CS|TAMS 0x0000000726000000| PB 0x0000000726000000| Complete 
|1177|0x0000000726400000, 0x0000000726800000, 0x0000000726800000|100%| E|CS|TAMS 0x0000000726400000| PB 0x0000000726400000| Complete 
|1178|0x0000000726800000, 0x0000000726c00000, 0x0000000726c00000|100%| E|CS|TAMS 0x0000000726800000| PB 0x0000000726800000| Complete 
|1179|0x0000000726c00000, 0x0000000727000000, 0x0000000727000000|100%| E|CS|TAMS 0x0000000726c00000| PB 0x0000000726c00000| Complete 
|1180|0x0000000727000000, 0x0000000727400000, 0x0000000727400000|100%| E|CS|TAMS 0x0000000727000000| PB 0x0000000727000000| Complete 
|1181|0x0000000727400000, 0x0000000727800000, 0x0000000727800000|100%| E|CS|TAMS 0x0000000727400000| PB 0x0000000727400000| Complete 
|1182|0x0000000727800000, 0x0000000727c00000, 0x0000000727c00000|100%| E|CS|TAMS 0x0000000727800000| PB 0x0000000727800000| Complete 
|1183|0x0000000727c00000, 0x0000000728000000, 0x0000000728000000|100%| E|CS|TAMS 0x0000000727c00000| PB 0x0000000727c00000| Complete 
|1184|0x0000000728000000, 0x0000000728400000, 0x0000000728400000|100%| E|CS|TAMS 0x0000000728000000| PB 0x0000000728000000| Complete 
|1185|0x0000000728400000, 0x0000000728800000, 0x0000000728800000|100%| E|CS|TAMS 0x0000000728400000| PB 0x0000000728400000| Complete 
|1186|0x0000000728800000, 0x0000000728c00000, 0x0000000728c00000|100%| E|CS|TAMS 0x0000000728800000| PB 0x0000000728800000| Complete 
|1187|0x0000000728c00000, 0x0000000729000000, 0x0000000729000000|100%| E|CS|TAMS 0x0000000728c00000| PB 0x0000000728c00000| Complete 
|1188|0x0000000729000000, 0x0000000729400000, 0x0000000729400000|100%| E|CS|TAMS 0x0000000729000000| PB 0x0000000729000000| Complete 
|1189|0x0000000729400000, 0x0000000729800000, 0x0000000729800000|100%| E|CS|TAMS 0x0000000729400000| PB 0x0000000729400000| Complete 
|1190|0x0000000729800000, 0x0000000729c00000, 0x0000000729c00000|100%| E|CS|TAMS 0x0000000729800000| PB 0x0000000729800000| Complete 
|1191|0x0000000729c00000, 0x000000072a000000, 0x000000072a000000|100%| E|CS|TAMS 0x0000000729c00000| PB 0x0000000729c00000| Complete 
|1192|0x000000072a000000, 0x000000072a400000, 0x000000072a400000|100%| E|CS|TAMS 0x000000072a000000| PB 0x000000072a000000| Complete 
|1193|0x000000072a400000, 0x000000072a800000, 0x000000072a800000|100%| E|CS|TAMS 0x000000072a400000| PB 0x000000072a400000| Complete 
|1194|0x000000072a800000, 0x000000072ac00000, 0x000000072ac00000|100%| E|CS|TAMS 0x000000072a800000| PB 0x000000072a800000| Complete 
|1195|0x000000072ac00000, 0x000000072b000000, 0x000000072b000000|100%| E|CS|TAMS 0x000000072ac00000| PB 0x000000072ac00000| Complete 
|1196|0x000000072b000000, 0x000000072b400000, 0x000000072b400000|100%| E|CS|TAMS 0x000000072b000000| PB 0x000000072b000000| Complete 
|1197|0x000000072b400000, 0x000000072b800000, 0x000000072b800000|100%| E|CS|TAMS 0x000000072b400000| PB 0x000000072b400000| Complete 
|1198|0x000000072b800000, 0x000000072bc00000, 0x000000072bc00000|100%| E|CS|TAMS 0x000000072b800000| PB 0x000000072b800000| Complete 
|1199|0x000000072bc00000, 0x000000072c000000, 0x000000072c000000|100%| E|CS|TAMS 0x000000072bc00000| PB 0x000000072bc00000| Complete 
|1200|0x000000072c000000, 0x000000072c400000, 0x000000072c400000|100%| E|CS|TAMS 0x000000072c000000| PB 0x000000072c000000| Complete 
|1201|0x000000072c400000, 0x000000072c800000, 0x000000072c800000|100%| E|CS|TAMS 0x000000072c400000| PB 0x000000072c400000| Complete 
|1202|0x000000072c800000, 0x000000072cc00000, 0x000000072cc00000|100%| E|CS|TAMS 0x000000072c800000| PB 0x000000072c800000| Complete 
|1203|0x000000072cc00000, 0x000000072d000000, 0x000000072d000000|100%| E|CS|TAMS 0x000000072cc00000| PB 0x000000072cc00000| Complete 
|1204|0x000000072d000000, 0x000000072d400000, 0x000000072d400000|100%| E|CS|TAMS 0x000000072d000000| PB 0x000000072d000000| Complete 
|1205|0x000000072d400000, 0x000000072d800000, 0x000000072d800000|100%| E|CS|TAMS 0x000000072d400000| PB 0x000000072d400000| Complete 
|1206|0x000000072d800000, 0x000000072dc00000, 0x000000072dc00000|100%| E|CS|TAMS 0x000000072d800000| PB 0x000000072d800000| Complete 
|1207|0x000000072dc00000, 0x000000072e000000, 0x000000072e000000|100%| E|CS|TAMS 0x000000072dc00000| PB 0x000000072dc00000| Complete 
|1208|0x000000072e000000, 0x000000072e400000, 0x000000072e400000|100%| E|CS|TAMS 0x000000072e000000| PB 0x000000072e000000| Complete 
|1209|0x000000072e400000, 0x000000072e800000, 0x000000072e800000|100%| E|CS|TAMS 0x000000072e400000| PB 0x000000072e400000| Complete 
|1210|0x000000072e800000, 0x000000072ec00000, 0x000000072ec00000|100%| E|CS|TAMS 0x000000072e800000| PB 0x000000072e800000| Complete 
|1211|0x000000072ec00000, 0x000000072f000000, 0x000000072f000000|100%| E|CS|TAMS 0x000000072ec00000| PB 0x000000072ec00000| Complete 
|1212|0x000000072f000000, 0x000000072f400000, 0x000000072f400000|100%| E|CS|TAMS 0x000000072f000000| PB 0x000000072f000000| Complete 
|1213|0x000000072f400000, 0x000000072f800000, 0x000000072f800000|100%| E|CS|TAMS 0x000000072f400000| PB 0x000000072f400000| Complete 
|1214|0x000000072f800000, 0x000000072fc00000, 0x000000072fc00000|100%| E|CS|TAMS 0x000000072f800000| PB 0x000000072f800000| Complete 
|1215|0x000000072fc00000, 0x0000000730000000, 0x0000000730000000|100%| E|CS|TAMS 0x000000072fc00000| PB 0x000000072fc00000| Complete 
|1216|0x0000000730000000, 0x0000000730400000, 0x0000000730400000|100%| E|CS|TAMS 0x0000000730000000| PB 0x0000000730000000| Complete 
|1217|0x0000000730400000, 0x0000000730800000, 0x0000000730800000|100%| E|CS|TAMS 0x0000000730400000| PB 0x0000000730400000| Complete 
|1218|0x0000000730800000, 0x0000000730c00000, 0x0000000730c00000|100%| E|CS|TAMS 0x0000000730800000| PB 0x0000000730800000| Complete 
|1219|0x0000000730c00000, 0x0000000731000000, 0x0000000731000000|100%| E|CS|TAMS 0x0000000730c00000| PB 0x0000000730c00000| Complete 
|1220|0x0000000731000000, 0x0000000731400000, 0x0000000731400000|100%| E|CS|TAMS 0x0000000731000000| PB 0x0000000731000000| Complete 
|1221|0x0000000731400000, 0x0000000731800000, 0x0000000731800000|100%| E|CS|TAMS 0x0000000731400000| PB 0x0000000731400000| Complete 
|1222|0x0000000731800000, 0x0000000731c00000, 0x0000000731c00000|100%| E|CS|TAMS 0x0000000731800000| PB 0x0000000731800000| Complete 
|1223|0x0000000731c00000, 0x0000000732000000, 0x0000000732000000|100%| E|CS|TAMS 0x0000000731c00000| PB 0x0000000731c00000| Complete 
|1224|0x0000000732000000, 0x0000000732400000, 0x0000000732400000|100%| E|CS|TAMS 0x0000000732000000| PB 0x0000000732000000| Complete 
|1225|0x0000000732400000, 0x0000000732800000, 0x0000000732800000|100%| E|CS|TAMS 0x0000000732400000| PB 0x0000000732400000| Complete 
|1226|0x0000000732800000, 0x0000000732c00000, 0x0000000732c00000|100%| E|CS|TAMS 0x0000000732800000| PB 0x0000000732800000| Complete 
|1227|0x0000000732c00000, 0x0000000733000000, 0x0000000733000000|100%| E|CS|TAMS 0x0000000732c00000| PB 0x0000000732c00000| Complete 
|1228|0x0000000733000000, 0x0000000733400000, 0x0000000733400000|100%| E|CS|TAMS 0x0000000733000000| PB 0x0000000733000000| Complete 
|1229|0x0000000733400000, 0x0000000733800000, 0x0000000733800000|100%| E|CS|TAMS 0x0000000733400000| PB 0x0000000733400000| Complete 
|1230|0x0000000733800000, 0x0000000733c00000, 0x0000000733c00000|100%| E|CS|TAMS 0x0000000733800000| PB 0x0000000733800000| Complete 
|1231|0x0000000733c00000, 0x0000000734000000, 0x0000000734000000|100%| E|CS|TAMS 0x0000000733c00000| PB 0x0000000733c00000| Complete 
|1232|0x0000000734000000, 0x0000000734400000, 0x0000000734400000|100%| E|CS|TAMS 0x0000000734000000| PB 0x0000000734000000| Complete 
|1233|0x0000000734400000, 0x0000000734800000, 0x0000000734800000|100%| E|CS|TAMS 0x0000000734400000| PB 0x0000000734400000| Complete 
|1234|0x0000000734800000, 0x0000000734c00000, 0x0000000734c00000|100%| E|CS|TAMS 0x0000000734800000| PB 0x0000000734800000| Complete 
|1235|0x0000000734c00000, 0x0000000735000000, 0x0000000735000000|100%| E|CS|TAMS 0x0000000734c00000| PB 0x0000000734c00000| Complete 
|1236|0x0000000735000000, 0x0000000735400000, 0x0000000735400000|100%| E|CS|TAMS 0x0000000735000000| PB 0x0000000735000000| Complete 
|1237|0x0000000735400000, 0x0000000735800000, 0x0000000735800000|100%| E|CS|TAMS 0x0000000735400000| PB 0x0000000735400000| Complete 
|1238|0x0000000735800000, 0x0000000735c00000, 0x0000000735c00000|100%| E|CS|TAMS 0x0000000735800000| PB 0x0000000735800000| Complete 
|1239|0x0000000735c00000, 0x0000000736000000, 0x0000000736000000|100%| E|CS|TAMS 0x0000000735c00000| PB 0x0000000735c00000| Complete 
|1240|0x0000000736000000, 0x0000000736400000, 0x0000000736400000|100%| E|CS|TAMS 0x0000000736000000| PB 0x0000000736000000| Complete 
|1241|0x0000000736400000, 0x0000000736800000, 0x0000000736800000|100%| E|CS|TAMS 0x0000000736400000| PB 0x0000000736400000| Complete 
|1242|0x0000000736800000, 0x0000000736c00000, 0x0000000736c00000|100%| E|CS|TAMS 0x0000000736800000| PB 0x0000000736800000| Complete 
|1243|0x0000000736c00000, 0x0000000737000000, 0x0000000737000000|100%| E|CS|TAMS 0x0000000736c00000| PB 0x0000000736c00000| Complete 
|1244|0x0000000737000000, 0x0000000737400000, 0x0000000737400000|100%| E|CS|TAMS 0x0000000737000000| PB 0x0000000737000000| Complete 
|1245|0x0000000737400000, 0x0000000737800000, 0x0000000737800000|100%| E|CS|TAMS 0x0000000737400000| PB 0x0000000737400000| Complete 
|1246|0x0000000737800000, 0x0000000737c00000, 0x0000000737c00000|100%| E|CS|TAMS 0x0000000737800000| PB 0x0000000737800000| Complete 
|1247|0x0000000737c00000, 0x0000000738000000, 0x0000000738000000|100%| E|CS|TAMS 0x0000000737c00000| PB 0x0000000737c00000| Complete 
|1248|0x0000000738000000, 0x0000000738400000, 0x0000000738400000|100%| E|CS|TAMS 0x0000000738000000| PB 0x0000000738000000| Complete 
|1249|0x0000000738400000, 0x0000000738800000, 0x0000000738800000|100%| E|CS|TAMS 0x0000000738400000| PB 0x0000000738400000| Complete 
|1250|0x0000000738800000, 0x0000000738c00000, 0x0000000738c00000|100%| E|CS|TAMS 0x0000000738800000| PB 0x0000000738800000| Complete 
|1251|0x0000000738c00000, 0x0000000739000000, 0x0000000739000000|100%| E|CS|TAMS 0x0000000738c00000| PB 0x0000000738c00000| Complete 
|1252|0x0000000739000000, 0x0000000739400000, 0x0000000739400000|100%| E|CS|TAMS 0x0000000739000000| PB 0x0000000739000000| Complete 
|1253|0x0000000739400000, 0x0000000739800000, 0x0000000739800000|100%| E|CS|TAMS 0x0000000739400000| PB 0x0000000739400000| Complete 
|1254|0x0000000739800000, 0x0000000739c00000, 0x0000000739c00000|100%| E|CS|TAMS 0x0000000739800000| PB 0x0000000739800000| Complete 
|1255|0x0000000739c00000, 0x000000073a000000, 0x000000073a000000|100%| E|CS|TAMS 0x0000000739c00000| PB 0x0000000739c00000| Complete 
|1256|0x000000073a000000, 0x000000073a400000, 0x000000073a400000|100%| E|CS|TAMS 0x000000073a000000| PB 0x000000073a000000| Complete 
|1257|0x000000073a400000, 0x000000073a800000, 0x000000073a800000|100%| E|CS|TAMS 0x000000073a400000| PB 0x000000073a400000| Complete 
|1258|0x000000073a800000, 0x000000073ac00000, 0x000000073ac00000|100%| E|CS|TAMS 0x000000073a800000| PB 0x000000073a800000| Complete 
|1259|0x000000073ac00000, 0x000000073b000000, 0x000000073b000000|100%| E|CS|TAMS 0x000000073ac00000| PB 0x000000073ac00000| Complete 
|1260|0x000000073b000000, 0x000000073b400000, 0x000000073b400000|100%| E|CS|TAMS 0x000000073b000000| PB 0x000000073b000000| Complete 
|1261|0x000000073b400000, 0x000000073b800000, 0x000000073b800000|100%| E|CS|TAMS 0x000000073b400000| PB 0x000000073b400000| Complete 
|1262|0x000000073b800000, 0x000000073bc00000, 0x000000073bc00000|100%| E|CS|TAMS 0x000000073b800000| PB 0x000000073b800000| Complete 
|1263|0x000000073bc00000, 0x000000073c000000, 0x000000073c000000|100%| E|CS|TAMS 0x000000073bc00000| PB 0x000000073bc00000| Complete 
|1264|0x000000073c000000, 0x000000073c400000, 0x000000073c400000|100%| E|CS|TAMS 0x000000073c000000| PB 0x000000073c000000| Complete 
|1265|0x000000073c400000, 0x000000073c800000, 0x000000073c800000|100%| E|CS|TAMS 0x000000073c400000| PB 0x000000073c400000| Complete 
|1266|0x000000073c800000, 0x000000073cc00000, 0x000000073cc00000|100%| E|CS|TAMS 0x000000073c800000| PB 0x000000073c800000| Complete 
|1267|0x000000073cc00000, 0x000000073d000000, 0x000000073d000000|100%| E|CS|TAMS 0x000000073cc00000| PB 0x000000073cc00000| Complete 
|1268|0x000000073d000000, 0x000000073d400000, 0x000000073d400000|100%| E|CS|TAMS 0x000000073d000000| PB 0x000000073d000000| Complete 
|1269|0x000000073d400000, 0x000000073d800000, 0x000000073d800000|100%| E|CS|TAMS 0x000000073d400000| PB 0x000000073d400000| Complete 
|1270|0x000000073d800000, 0x000000073dc00000, 0x000000073dc00000|100%| E|CS|TAMS 0x000000073d800000| PB 0x000000073d800000| Complete 
|1271|0x000000073dc00000, 0x000000073e000000, 0x000000073e000000|100%| E|CS|TAMS 0x000000073dc00000| PB 0x000000073dc00000| Complete 
|1272|0x000000073e000000, 0x000000073e400000, 0x000000073e400000|100%| E|CS|TAMS 0x000000073e000000| PB 0x000000073e000000| Complete 
|1273|0x000000073e400000, 0x000000073e800000, 0x000000073e800000|100%| E|CS|TAMS 0x000000073e400000| PB 0x000000073e400000| Complete 
|1274|0x000000073e800000, 0x000000073ec00000, 0x000000073ec00000|100%| E|CS|TAMS 0x000000073e800000| PB 0x000000073e800000| Complete 
|1275|0x000000073ec00000, 0x000000073f000000, 0x000000073f000000|100%| E|CS|TAMS 0x000000073ec00000| PB 0x000000073ec00000| Complete 
|1276|0x000000073f000000, 0x000000073f400000, 0x000000073f400000|100%| E|CS|TAMS 0x000000073f000000| PB 0x000000073f000000| Complete 
|1277|0x000000073f400000, 0x000000073f800000, 0x000000073f800000|100%| E|CS|TAMS 0x000000073f400000| PB 0x000000073f400000| Complete 
|1278|0x000000073f800000, 0x000000073fc00000, 0x000000073fc00000|100%| E|CS|TAMS 0x000000073f800000| PB 0x000000073f800000| Complete 
|1279|0x000000073fc00000, 0x0000000740000000, 0x0000000740000000|100%| E|CS|TAMS 0x000000073fc00000| PB 0x000000073fc00000| Complete 
|1280|0x0000000740000000, 0x0000000740400000, 0x0000000740400000|100%| E|CS|TAMS 0x0000000740000000| PB 0x0000000740000000| Complete 
|1281|0x0000000740400000, 0x0000000740800000, 0x0000000740800000|100%| E|CS|TAMS 0x0000000740400000| PB 0x0000000740400000| Complete 
|1282|0x0000000740800000, 0x0000000740c00000, 0x0000000740c00000|100%| E|CS|TAMS 0x0000000740800000| PB 0x0000000740800000| Complete 
|1283|0x0000000740c00000, 0x0000000741000000, 0x0000000741000000|100%| E|CS|TAMS 0x0000000740c00000| PB 0x0000000740c00000| Complete 
|1284|0x0000000741000000, 0x0000000741400000, 0x0000000741400000|100%| E|CS|TAMS 0x0000000741000000| PB 0x0000000741000000| Complete 
|1285|0x0000000741400000, 0x0000000741800000, 0x0000000741800000|100%| E|CS|TAMS 0x0000000741400000| PB 0x0000000741400000| Complete 
|1286|0x0000000741800000, 0x0000000741c00000, 0x0000000741c00000|100%| E|CS|TAMS 0x0000000741800000| PB 0x0000000741800000| Complete 
|1287|0x0000000741c00000, 0x0000000742000000, 0x0000000742000000|100%| E|CS|TAMS 0x0000000741c00000| PB 0x0000000741c00000| Complete 
|1288|0x0000000742000000, 0x0000000742400000, 0x0000000742400000|100%| E|CS|TAMS 0x0000000742000000| PB 0x0000000742000000| Complete 
|1289|0x0000000742400000, 0x0000000742800000, 0x0000000742800000|100%| E|CS|TAMS 0x0000000742400000| PB 0x0000000742400000| Complete 
|1290|0x0000000742800000, 0x0000000742c00000, 0x0000000742c00000|100%| E|CS|TAMS 0x0000000742800000| PB 0x0000000742800000| Complete 
|1291|0x0000000742c00000, 0x0000000743000000, 0x0000000743000000|100%| E|CS|TAMS 0x0000000742c00000| PB 0x0000000742c00000| Complete 
|1292|0x0000000743000000, 0x0000000743400000, 0x0000000743400000|100%| E|CS|TAMS 0x0000000743000000| PB 0x0000000743000000| Complete 
|1293|0x0000000743400000, 0x0000000743800000, 0x0000000743800000|100%| E|CS|TAMS 0x0000000743400000| PB 0x0000000743400000| Complete 
|1294|0x0000000743800000, 0x0000000743c00000, 0x0000000743c00000|100%| E|CS|TAMS 0x0000000743800000| PB 0x0000000743800000| Complete 
|1295|0x0000000743c00000, 0x0000000744000000, 0x0000000744000000|100%| E|CS|TAMS 0x0000000743c00000| PB 0x0000000743c00000| Complete 
|1296|0x0000000744000000, 0x0000000744400000, 0x0000000744400000|100%| E|CS|TAMS 0x0000000744000000| PB 0x0000000744000000| Complete 
|1297|0x0000000744400000, 0x0000000744800000, 0x0000000744800000|100%| E|CS|TAMS 0x0000000744400000| PB 0x0000000744400000| Complete 
|1298|0x0000000744800000, 0x0000000744c00000, 0x0000000744c00000|100%| E|CS|TAMS 0x0000000744800000| PB 0x0000000744800000| Complete 
|1299|0x0000000744c00000, 0x0000000745000000, 0x0000000745000000|100%| E|CS|TAMS 0x0000000744c00000| PB 0x0000000744c00000| Complete 
|1300|0x0000000745000000, 0x0000000745400000, 0x0000000745400000|100%| E|CS|TAMS 0x0000000745000000| PB 0x0000000745000000| Complete 
|1301|0x0000000745400000, 0x0000000745800000, 0x0000000745800000|100%| E|CS|TAMS 0x0000000745400000| PB 0x0000000745400000| Complete 
|1302|0x0000000745800000, 0x0000000745c00000, 0x0000000745c00000|100%| E|CS|TAMS 0x0000000745800000| PB 0x0000000745800000| Complete 
|1303|0x0000000745c00000, 0x0000000746000000, 0x0000000746000000|100%| E|CS|TAMS 0x0000000745c00000| PB 0x0000000745c00000| Complete 
|1304|0x0000000746000000, 0x0000000746400000, 0x0000000746400000|100%| E|CS|TAMS 0x0000000746000000| PB 0x0000000746000000| Complete 
|1305|0x0000000746400000, 0x0000000746800000, 0x0000000746800000|100%| E|CS|TAMS 0x0000000746400000| PB 0x0000000746400000| Complete 
|1306|0x0000000746800000, 0x0000000746c00000, 0x0000000746c00000|100%| E|CS|TAMS 0x0000000746800000| PB 0x0000000746800000| Complete 
|1307|0x0000000746c00000, 0x0000000747000000, 0x0000000747000000|100%| E|CS|TAMS 0x0000000746c00000| PB 0x0000000746c00000| Complete 
|1308|0x0000000747000000, 0x0000000747400000, 0x0000000747400000|100%| E|CS|TAMS 0x0000000747000000| PB 0x0000000747000000| Complete 
|1309|0x0000000747400000, 0x0000000747800000, 0x0000000747800000|100%| E|CS|TAMS 0x0000000747400000| PB 0x0000000747400000| Complete 
|1310|0x0000000747800000, 0x0000000747c00000, 0x0000000747c00000|100%| E|CS|TAMS 0x0000000747800000| PB 0x0000000747800000| Complete 
|1311|0x0000000747c00000, 0x0000000748000000, 0x0000000748000000|100%| E|CS|TAMS 0x0000000747c00000| PB 0x0000000747c00000| Complete 
|1312|0x0000000748000000, 0x0000000748400000, 0x0000000748400000|100%| E|CS|TAMS 0x0000000748000000| PB 0x0000000748000000| Complete 
|1313|0x0000000748400000, 0x0000000748800000, 0x0000000748800000|100%| E|CS|TAMS 0x0000000748400000| PB 0x0000000748400000| Complete 
|1314|0x0000000748800000, 0x0000000748c00000, 0x0000000748c00000|100%| E|CS|TAMS 0x0000000748800000| PB 0x0000000748800000| Complete 
|1315|0x0000000748c00000, 0x0000000749000000, 0x0000000749000000|100%| E|CS|TAMS 0x0000000748c00000| PB 0x0000000748c00000| Complete 
|1316|0x0000000749000000, 0x0000000749400000, 0x0000000749400000|100%| E|CS|TAMS 0x0000000749000000| PB 0x0000000749000000| Complete 
|1317|0x0000000749400000, 0x0000000749800000, 0x0000000749800000|100%| E|CS|TAMS 0x0000000749400000| PB 0x0000000749400000| Complete 
|1318|0x0000000749800000, 0x0000000749c00000, 0x0000000749c00000|100%| E|CS|TAMS 0x0000000749800000| PB 0x0000000749800000| Complete 
|1319|0x0000000749c00000, 0x000000074a000000, 0x000000074a000000|100%| E|CS|TAMS 0x0000000749c00000| PB 0x0000000749c00000| Complete 
|1320|0x000000074a000000, 0x000000074a400000, 0x000000074a400000|100%| E|CS|TAMS 0x000000074a000000| PB 0x000000074a000000| Complete 
|1321|0x000000074a400000, 0x000000074a800000, 0x000000074a800000|100%| E|CS|TAMS 0x000000074a400000| PB 0x000000074a400000| Complete 
|1322|0x000000074a800000, 0x000000074ac00000, 0x000000074ac00000|100%| E|CS|TAMS 0x000000074a800000| PB 0x000000074a800000| Complete 
|1323|0x000000074ac00000, 0x000000074b000000, 0x000000074b000000|100%| E|CS|TAMS 0x000000074ac00000| PB 0x000000074ac00000| Complete 
|1324|0x000000074b000000, 0x000000074b400000, 0x000000074b400000|100%| E|CS|TAMS 0x000000074b000000| PB 0x000000074b000000| Complete 
|1325|0x000000074b400000, 0x000000074b800000, 0x000000074b800000|100%| E|CS|TAMS 0x000000074b400000| PB 0x000000074b400000| Complete 
|1326|0x000000074b800000, 0x000000074bc00000, 0x000000074bc00000|100%| E|CS|TAMS 0x000000074b800000| PB 0x000000074b800000| Complete 
|1327|0x000000074bc00000, 0x000000074c000000, 0x000000074c000000|100%| E|CS|TAMS 0x000000074bc00000| PB 0x000000074bc00000| Complete 
|1328|0x000000074c000000, 0x000000074c400000, 0x000000074c400000|100%| E|CS|TAMS 0x000000074c000000| PB 0x000000074c000000| Complete 
|1329|0x000000074c400000, 0x000000074c800000, 0x000000074c800000|100%| E|CS|TAMS 0x000000074c400000| PB 0x000000074c400000| Complete 
|1330|0x000000074c800000, 0x000000074cc00000, 0x000000074cc00000|100%| E|CS|TAMS 0x000000074c800000| PB 0x000000074c800000| Complete 
|1331|0x000000074cc00000, 0x000000074d000000, 0x000000074d000000|100%| E|CS|TAMS 0x000000074cc00000| PB 0x000000074cc00000| Complete 
|1332|0x000000074d000000, 0x000000074d400000, 0x000000074d400000|100%| E|CS|TAMS 0x000000074d000000| PB 0x000000074d000000| Complete 
|1333|0x000000074d400000, 0x000000074d800000, 0x000000074d800000|100%| E|CS|TAMS 0x000000074d400000| PB 0x000000074d400000| Complete 
|1334|0x000000074d800000, 0x000000074dc00000, 0x000000074dc00000|100%| E|CS|TAMS 0x000000074d800000| PB 0x000000074d800000| Complete 
|1335|0x000000074dc00000, 0x000000074e000000, 0x000000074e000000|100%| E|CS|TAMS 0x000000074dc00000| PB 0x000000074dc00000| Complete 
|1336|0x000000074e000000, 0x000000074e400000, 0x000000074e400000|100%| E|CS|TAMS 0x000000074e000000| PB 0x000000074e000000| Complete 
|1337|0x000000074e400000, 0x000000074e800000, 0x000000074e800000|100%| E|CS|TAMS 0x000000074e400000| PB 0x000000074e400000| Complete 
|1338|0x000000074e800000, 0x000000074ec00000, 0x000000074ec00000|100%| E|CS|TAMS 0x000000074e800000| PB 0x000000074e800000| Complete 
|1339|0x000000074ec00000, 0x000000074f000000, 0x000000074f000000|100%| E|CS|TAMS 0x000000074ec00000| PB 0x000000074ec00000| Complete 
|1340|0x000000074f000000, 0x000000074f400000, 0x000000074f400000|100%| E|CS|TAMS 0x000000074f000000| PB 0x000000074f000000| Complete 
|1341|0x000000074f400000, 0x000000074f800000, 0x000000074f800000|100%| E|CS|TAMS 0x000000074f400000| PB 0x000000074f400000| Complete 
|1342|0x000000074f800000, 0x000000074fc00000, 0x000000074fc00000|100%| E|CS|TAMS 0x000000074f800000| PB 0x000000074f800000| Complete 
|1343|0x000000074fc00000, 0x0000000750000000, 0x0000000750000000|100%| E|CS|TAMS 0x000000074fc00000| PB 0x000000074fc00000| Complete 
|1344|0x0000000750000000, 0x0000000750400000, 0x0000000750400000|100%| E|CS|TAMS 0x0000000750000000| PB 0x0000000750000000| Complete 
|1345|0x0000000750400000, 0x0000000750800000, 0x0000000750800000|100%| E|CS|TAMS 0x0000000750400000| PB 0x0000000750400000| Complete 
|1346|0x0000000750800000, 0x0000000750c00000, 0x0000000750c00000|100%| E|CS|TAMS 0x0000000750800000| PB 0x0000000750800000| Complete 
|2046|0x00000007ff800000, 0x00000007ffc00000, 0x00000007ffc00000|100%| O|  |TAMS 0x00000007ff800000| PB 0x00000007ff800000| Untracked 
|2047|0x00000007ffc00000, 0x0000000800000000, 0x0000000800000000|100%| O|  |TAMS 0x00000007ffc00000| PB 0x00000007ffc00000| Untracked 

Card table byte_map: [0x00000213f02e0000,0x00000213f12e0000] _byte_map_base: 0x00000213ed2e0000

Marking Bits: (CMBitMap*) 0x00000213c4895dc0
 Bits: [0x00000213f12e0000, 0x00000213f92e0000)

Polling page: 0x00000213c48b0000

Metaspace:

Usage:
  Non-class:    231.28 MB used.
      Class:     32.78 MB used.
       Both:    264.06 MB used.

Virtual space:
  Non-class space:      256.00 MB reserved,     233.00 MB ( 91%) committed,  4 nodes.
      Class space:        1.00 GB reserved,      34.44 MB (  3%) committed,  1 nodes.
             Both:        1.25 GB reserved,     267.44 MB ( 21%) committed. 

Chunk freelists:
   Non-Class:  6.28 MB
       Class:  13.40 MB
        Both:  19.68 MB

MaxMetaspaceSize: 4.00 GB
CompressedClassSpaceSize: 1.00 GB
Initial GC threshold: 21.00 MB
Current GC threshold: 404.06 MB
CDS: on
 - commit_granule_bytes: 65536.
 - commit_granule_words: 8192.
 - virtual_space_node_default_size: 8388608.
 - enlarge_chunks_in_place: 1.
 - use_allocation_guard: 0.


Internal statistics:

num_allocs_failed_limit: 12.
num_arena_births: 6392.
num_arena_deaths: 26.
num_vsnodes_births: 5.
num_vsnodes_deaths: 0.
num_space_committed: 4268.
num_space_uncommitted: 0.
num_chunks_returned_to_freelist: 65.
num_chunks_taken_from_freelist: 17822.
num_chunk_merges: 25.
num_chunk_splits: 12418.
num_chunks_enlarged: 8742.
num_inconsistent_stats: 0.

CodeHeap 'non-profiled nmethods': size=259264Kb used=46889Kb max_used=46889Kb free=212374Kb
 bounds [0x00000213de700000, 0x00000213e14d0000, 0x00000213ee430000]
CodeHeap 'profiled nmethods': size=259264Kb used=121027Kb max_used=121027Kb free=138237Kb
 bounds [0x00000213ce430000, 0x00000213d5a70000, 0x00000213de160000]
CodeHeap 'non-nmethods': size=5760Kb used=3462Kb max_used=3547Kb free=2297Kb
 bounds [0x00000213de160000, 0x00000213de4f0000, 0x00000213de700000]
 total_blobs=51460 nmethods=50052 adapters=1307
 compilation: enabled
              stopped_count=0, restarted_count=0
 full_count=0

Compilation events (20 events):
Event: 662.433 Thread 0x00000213fb78a5e0 61701   !   3       com.android.tools.r8.graph.s0::<init> (157 bytes)
Event: 662.436 Thread 0x00000213fb78a5e0 nmethod 61701 0x00000213d59ca110 code [0x00000213d59ca600, 0x00000213d59cd318]
Event: 662.444 Thread 0x00000213fb78a5e0 61702       3       com.android.tools.r8.internal.IR::j (29 bytes)
Event: 662.445 Thread 0x00000213fb78a5e0 nmethod 61702 0x00000213d59ce190 code [0x00000213d59ce320, 0x00000213d59ce440]
Event: 662.453 Thread 0x00000213fb78a5e0 61703       2       com.android.tools.r8.graph.a3::equals (12 bytes)
Event: 662.453 Thread 0x00000213fb78a5e0 nmethod 61703 0x00000213d59ce510 code [0x00000213d59ce6c0, 0x00000213d59ce848]
Event: 662.454 Thread 0x00000213fb78a5e0 61704       3       com.android.tools.r8.dex.L::a (318 bytes)
Event: 662.458 Thread 0x00000213fb78a5e0 nmethod 61704 0x00000213d59ce910 code [0x00000213d59cf0e0, 0x00000213d59d3f20]
Event: 662.488 Thread 0x00000213fb78a5e0 61705       3       com.android.tools.r8.internal.Qo$$Lambda/0x00000213831f54d0::applyAsInt (8 bytes)
Event: 662.488 Thread 0x00000213fb78a5e0 nmethod 61705 0x00000213d59d5890 code [0x00000213d59d5a40, 0x00000213d59d5c60]
Event: 662.488 Thread 0x00000213fb78a5e0 61706       3       com.android.tools.r8.internal.Qo$$Lambda/0x00000213831f5900::applyAsInt (8 bytes)
Event: 662.489 Thread 0x00000213fb78a5e0 nmethod 61706 0x00000213d59d5d90 code [0x00000213d59d5f40, 0x00000213d59d6160]
Event: 662.489 Thread 0x00000213fb78a5e0 61707       3       com.android.tools.r8.internal.Qo$$Lambda/0x00000213831f6160::applyAsInt (8 bytes)
Event: 662.489 Thread 0x00000213fb78a5e0 nmethod 61707 0x00000213d59d6290 code [0x00000213d59d6440, 0x00000213d59d6660]
Event: 662.489 Thread 0x00000213fb78a5e0 61708       3       com.android.tools.r8.internal.Qo$$Lambda/0x00000213831f67a8::applyAsInt (8 bytes)
Event: 662.489 Thread 0x00000213fb78a5e0 nmethod 61708 0x00000213d59d6790 code [0x00000213d59d6940, 0x00000213d59d6b60]
Event: 662.489 Thread 0x00000213fb78a5e0 61709       3       com.android.tools.r8.internal.Qo$$Lambda/0x00000213831f5f48::applyAsInt (8 bytes)
Event: 662.489 Thread 0x00000213fb78a5e0 nmethod 61709 0x00000213d59d6c90 code [0x00000213d59d6e40, 0x00000213d59d7060]
Event: 662.489 Thread 0x00000213fb78a5e0 61710       3       com.android.tools.r8.internal.Qo$$Lambda/0x00000213831f6df0::apply (8 bytes)
Event: 662.489 Thread 0x00000213fb78a5e0 nmethod 61710 0x00000213d59d7190 code [0x00000213d59d7340, 0x00000213d59d7568]

GC Heap History (20 events):
Event: 584.837 GC heap before
{Heap before GC invocations=152 (full 0):
 garbage-first heap   total 4505600K, used 869196K [0x0000000600000000, 0x0000000800000000)
  region size 4096K, 10 young (40960K), 9 survivors (36864K)
 Metaspace       used 244872K, committed 248256K, reserved 1310720K
  class space    used 29998K, committed 31680K, reserved 1048576K
}
Event: 584.930 GC heap after
{Heap after GC invocations=153 (full 0):
 garbage-first heap   total 4505600K, used 763883K [0x0000000600000000, 0x0000000800000000)
  region size 4096K, 9 young (36864K), 9 survivors (36864K)
 Metaspace       used 244872K, committed 248256K, reserved 1310720K
  class space    used 29998K, committed 31680K, reserved 1048576K
}
Event: 587.255 GC heap before
{Heap before GC invocations=153 (full 0):
 garbage-first heap   total 4505600K, used 1030123K [0x0000000600000000, 0x0000000800000000)
  region size 4096K, 10 young (40960K), 9 survivors (36864K)
 Metaspace       used 244872K, committed 248256K, reserved 1310720K
  class space    used 29998K, committed 31680K, reserved 1048576K
}
Event: 587.334 GC heap after
{Heap after GC invocations=154 (full 0):
 garbage-first heap   total 4505600K, used 894265K [0x0000000600000000, 0x0000000800000000)
  region size 4096K, 9 young (36864K), 9 survivors (36864K)
 Metaspace       used 244872K, committed 248256K, reserved 1310720K
  class space    used 29998K, committed 31680K, reserved 1048576K
}
Event: 649.808 GC heap before
{Heap before GC invocations=155 (full 0):
 garbage-first heap   total 4505600K, used 4494649K [0x0000000600000000, 0x0000000800000000)
  region size 4096K, 496 young (2031616K), 9 survivors (36864K)
 Metaspace       used 269277K, committed 272768K, reserved 1310720K
  class space    used 33469K, committed 35200K, reserved 1048576K
}
Event: 650.233 GC heap after
{Heap after GC invocations=156 (full 0):
 garbage-first heap   total 4612096K, used 671849K [0x0000000600000000, 0x0000000800000000)
  region size 4096K, 26 young (106496K), 26 survivors (106496K)
 Metaspace       used 269277K, committed 272768K, reserved 1310720K
  class space    used 33469K, committed 35200K, reserved 1048576K
}
Event: 650.642 GC heap before
{Heap before GC invocations=156 (full 0):
 garbage-first heap   total 4612096K, used 790633K [0x0000000600000000, 0x0000000800000000)
  region size 4096K, 56 young (229376K), 26 survivors (106496K)
 Metaspace       used 269346K, committed 272832K, reserved 1310720K
  class space    used 33477K, committed 35200K, reserved 1048576K
}
Event: 651.112 GC heap after
{Heap after GC invocations=157 (full 0):
 garbage-first heap   total 4612096K, used 667818K [0x0000000600000000, 0x0000000800000000)
  region size 4096K, 4 young (16384K), 4 survivors (16384K)
 Metaspace       used 269346K, committed 272832K, reserved 1310720K
  class space    used 33477K, committed 35200K, reserved 1048576K
}
Event: 652.329 GC heap before
{Heap before GC invocations=157 (full 0):
 garbage-first heap   total 4612096K, used 880810K [0x0000000600000000, 0x0000000800000000)
  region size 4096K, 56 young (229376K), 4 survivors (16384K)
 Metaspace       used 269404K, committed 272896K, reserved 1310720K
  class space    used 33480K, committed 35200K, reserved 1048576K
}
Event: 653.250 GC heap after
{Heap after GC invocations=158 (full 0):
 garbage-first heap   total 4612096K, used 657918K [0x0000000600000000, 0x0000000800000000)
  region size 4096K, 2 young (8192K), 2 survivors (8192K)
 Metaspace       used 269404K, committed 272896K, reserved 1310720K
  class space    used 33480K, committed 35200K, reserved 1048576K
}
Event: 653.783 GC heap before
{Heap before GC invocations=158 (full 0):
 garbage-first heap   total 4612096K, used 879102K [0x0000000600000000, 0x0000000800000000)
  region size 4096K, 56 young (229376K), 2 survivors (8192K)
 Metaspace       used 269437K, committed 272960K, reserved 1310720K
  class space    used 33481K, committed 35200K, reserved 1048576K
}
Event: 653.815 GC heap after
{Heap after GC invocations=159 (full 0):
 garbage-first heap   total 4612096K, used 649729K [0x0000000600000000, 0x0000000800000000)
  region size 4096K, 2 young (8192K), 2 survivors (8192K)
 Metaspace       used 269437K, committed 272960K, reserved 1310720K
  class space    used 33481K, committed 35200K, reserved 1048576K
}
Event: 654.418 GC heap before
{Heap before GC invocations=159 (full 0):
 garbage-first heap   total 4612096K, used 870913K [0x0000000600000000, 0x0000000800000000)
  region size 4096K, 56 young (229376K), 2 survivors (8192K)
 Metaspace       used 269475K, committed 272960K, reserved 1310720K
  class space    used 33481K, committed 35200K, reserved 1048576K
}
Event: 654.470 GC heap after
{Heap after GC invocations=160 (full 0):
 garbage-first heap   total 4612096K, used 640692K [0x0000000600000000, 0x0000000800000000)
  region size 4096K, 3 young (12288K), 3 survivors (12288K)
 Metaspace       used 269475K, committed 272960K, reserved 1310720K
  class space    used 33481K, committed 35200K, reserved 1048576K
}
Event: 655.194 GC heap before
{Heap before GC invocations=160 (full 0):
 garbage-first heap   total 4612096K, used 857780K [0x0000000600000000, 0x0000000800000000)
  region size 4096K, 56 young (229376K), 3 survivors (12288K)
 Metaspace       used 269587K, committed 273088K, reserved 1310720K
  class space    used 33483K, committed 35200K, reserved 1048576K
}
Event: 655.497 GC heap after
{Heap after GC invocations=161 (full 0):
 garbage-first heap   total 4612096K, used 631659K [0x0000000600000000, 0x0000000800000000)
  region size 4096K, 4 young (16384K), 4 survivors (16384K)
 Metaspace       used 269587K, committed 273088K, reserved 1310720K
  class space    used 33483K, committed 35200K, reserved 1048576K
}
Event: 655.777 GC heap before
{Heap before GC invocations=161 (full 0):
 garbage-first heap   total 4612096K, used 840555K [0x0000000600000000, 0x0000000800000000)
  region size 4096K, 56 young (229376K), 4 survivors (16384K)
 Metaspace       used 269601K, committed 273088K, reserved 1310720K
  class space    used 33484K, committed 35200K, reserved 1048576K
}
Event: 655.806 GC heap after
{Heap after GC invocations=162 (full 0):
 garbage-first heap   total 4612096K, used 620046K [0x0000000600000000, 0x0000000800000000)
  region size 4096K, 4 young (16384K), 4 survivors (16384K)
 Metaspace       used 269601K, committed 273088K, reserved 1310720K
  class space    used 33484K, committed 35200K, reserved 1048576K
}
Event: 656.213 GC heap before
{Heap before GC invocations=162 (full 0):
 garbage-first heap   total 4612096K, used 833038K [0x0000000600000000, 0x0000000800000000)
  region size 4096K, 56 young (229376K), 4 survivors (16384K)
 Metaspace       used 269758K, committed 273216K, reserved 1310720K
  class space    used 33505K, committed 35200K, reserved 1048576K
}
Event: 656.299 GC heap after
{Heap after GC invocations=163 (full 0):
 garbage-first heap   total 5525504K, used 619414K [0x0000000600000000, 0x0000000800000000)
  region size 4096K, 4 young (16384K), 4 survivors (16384K)
 Metaspace       used 269758K, committed 273216K, reserved 1310720K
  class space    used 33505K, committed 35200K, reserved 1048576K
}

Dll operation events (17 events):
Event: 0.021 Loaded shared library C:\Program Files\Java\jdk-21\bin\java.dll
Event: 0.050 Loaded shared library C:\Program Files\Java\jdk-21\bin\jsvml.dll
Event: 0.083 Loaded shared library C:\Program Files\Java\jdk-21\bin\zip.dll
Event: 0.089 Loaded shared library C:\Program Files\Java\jdk-21\bin\instrument.dll
Event: 0.093 Loaded shared library C:\Program Files\Java\jdk-21\bin\net.dll
Event: 0.095 Loaded shared library C:\Program Files\Java\jdk-21\bin\nio.dll
Event: 0.097 Loaded shared library C:\Program Files\Java\jdk-21\bin\zip.dll
Event: 0.289 Loaded shared library C:\Program Files\Java\jdk-21\bin\jimage.dll
Event: 0.415 Loaded shared library C:\Program Files\Java\jdk-21\bin\verify.dll
Event: 0.557 Loaded shared library C:\Users\lugtu\.gradle\native\1def1411415f61bf3af743bc5b6707747c0891f09f0c88961ee8f79bc544acac\windows-amd64\native-platform.dll
Event: 0.572 Loaded shared library C:\Users\lugtu\.gradle\native\0.2.5\x86_64-windows-gnu\gradle-fileevents.dll
Event: 1.492 Loaded shared library C:\Program Files\Java\jdk-21\bin\management.dll
Event: 1.494 Loaded shared library C:\Program Files\Java\jdk-21\bin\management_ext.dll
Event: 1.701 Loaded shared library C:\Program Files\Java\jdk-21\bin\extnet.dll
Event: 1.832 Loaded shared library C:\Program Files\Java\jdk-21\bin\sunmscapi.dll
Event: 2.391 Loaded shared library C:\Users\lugtu\AppData\Local\Temp\native-platform8583817630776996285dir\gradle-fileevents.dll
Event: 71.195 Loaded shared library C:\Program Files\Java\jdk-21\bin\rmi.dll

Deoptimization events (20 events):
Event: 661.640 Thread 0x0000021417895a60 DEOPT PACKING pc=0x00000213e121a4c0 sp=0x000000fcbfff98f0
Event: 661.640 Thread 0x0000021417895a60 DEOPT UNPACKING pc=0x00000213de1b46a2 sp=0x000000fcbfff98c8 mode 2
Event: 661.716 Thread 0x0000021417895a60 DEOPT PACKING pc=0x00000213d4c7bbb5 sp=0x000000fcbfff98c0
Event: 661.716 Thread 0x0000021417895a60 DEOPT UNPACKING pc=0x00000213de1b4e42 sp=0x000000fcbfff90f8 mode 0
Event: 662.180 Thread 0x0000021417477bd0 DEOPT PACKING pc=0x00000213d4c7bbb5 sp=0x000000fcc0af9740
Event: 662.180 Thread 0x0000021417477bd0 DEOPT UNPACKING pc=0x00000213de1b4e42 sp=0x000000fcc0af8f78 mode 0
Event: 662.285 Thread 0x0000021417895a60 DEOPT PACKING pc=0x00000213d4c7b5ea sp=0x000000fcbfff98c0
Event: 662.285 Thread 0x0000021417895a60 DEOPT UNPACKING pc=0x00000213de1b4e42 sp=0x000000fcbfff90e8 mode 0
Event: 662.332 Thread 0x000002141747b050 Uncommon trap: trap_request=0xffffffc6 fr.pc=0x00000213e143d8ac relative=0x00000000000031cc
Event: 662.332 Thread 0x000002141747b050 Uncommon trap: reason=bimorphic_or_optimized_type_check action=maybe_recompile pc=0x00000213e143d8ac method=com.android.tools.r8.internal.ZD.a(Lcom/android/tools/r8/internal/ZD;Lcom/android/tools/r8/internal/Rd0;Lcom/android/tools/r8/internal/bW;)Z @ 613 
Event: 662.332 Thread 0x000002141747b050 DEOPT PACKING pc=0x00000213e143d8ac sp=0x000000fcc05f96a0
Event: 662.332 Thread 0x000002141747b050 DEOPT UNPACKING pc=0x00000213de1b46a2 sp=0x000000fcc05f96a0 mode 2
Event: 662.333 Thread 0x000002141747b050 Uncommon trap: trap_request=0xffffffc6 fr.pc=0x00000213e143d8ac relative=0x00000000000031cc
Event: 662.333 Thread 0x000002141747b050 Uncommon trap: reason=bimorphic_or_optimized_type_check action=maybe_recompile pc=0x00000213e143d8ac method=com.android.tools.r8.internal.ZD.a(Lcom/android/tools/r8/internal/ZD;Lcom/android/tools/r8/internal/Rd0;Lcom/android/tools/r8/internal/bW;)Z @ 613 
Event: 662.333 Thread 0x000002141747b050 DEOPT PACKING pc=0x00000213e143d8ac sp=0x000000fcc05f96a0
Event: 662.333 Thread 0x000002141747b050 DEOPT UNPACKING pc=0x00000213de1b46a2 sp=0x000000fcc05f96a0 mode 2
Event: 662.364 Thread 0x0000021417895a60 DEOPT PACKING pc=0x00000213d55bb30b sp=0x000000fcbfffa0e0
Event: 662.364 Thread 0x0000021417895a60 DEOPT UNPACKING pc=0x00000213de1b4e42 sp=0x000000fcbfff95c8 mode 0
Event: 662.479 Thread 0x000002141747b050 DEOPT PACKING pc=0x00000213d4c7bbb5 sp=0x000000fcc05f9600
Event: 662.479 Thread 0x000002141747b050 DEOPT UNPACKING pc=0x00000213de1b4e42 sp=0x000000fcc05f8e38 mode 0

Classes loaded (20 events):
Event: 635.817 Loading class java/util/SortedSet$1
Event: 635.817 Loading class java/util/SortedSet$1 done
Event: 637.921 Loading class java/nio/ShortBuffer
Event: 637.922 Loading class java/nio/ShortBuffer done
Event: 637.971 Loading class java/nio/ByteBufferAsShortBufferL
Event: 637.972 Loading class java/nio/ByteBufferAsShortBufferL done
Event: 638.005 Loading class java/util/zip/Adler32
Event: 638.005 Loading class java/util/zip/Adler32 done
Event: 645.323 Loading class sun/nio/cs/US_ASCII$Decoder
Event: 645.325 Loading class sun/nio/cs/US_ASCII$Decoder done
Event: 655.854 Loading class java/util/stream/ReferencePipeline$15
Event: 655.858 Loading class java/util/stream/ReferencePipeline$15 done
Event: 655.859 Loading class java/util/stream/ReferencePipeline$15$1
Event: 655.859 Loading class java/util/stream/ReferencePipeline$15$1 done
Event: 656.357 Loading class sun/nio/cs/US_ASCII$Encoder
Event: 656.362 Loading class sun/nio/cs/US_ASCII$Encoder done
Event: 656.399 Loading class java/util/TreeMap$AscendingSubMap
Event: 656.404 Loading class java/util/TreeMap$AscendingSubMap done
Event: 656.404 Loading class java/util/TreeMap$NavigableSubMap$SubMapKeyIterator
Event: 656.426 Loading class java/util/TreeMap$NavigableSubMap$SubMapKeyIterator done

Classes unloaded (20 events):
Event: 206.180 Thread 0x00000213fb7541b0 Unloading class 0x0000021382a04000 '_BuildScript_$_run_closure1$_closure4'
Event: 206.180 Thread 0x00000213fb7541b0 Unloading class 0x00000213829dc400 '_BuildScript_$_run_closure1'
Event: 206.180 Thread 0x00000213fb7541b0 Unloading class 0x00000213829dc800 '_BuildScript_'
Event: 206.180 Thread 0x00000213fb7541b0 Unloading class 0x00000213829c1000 '_BuildScript_$_run_closure1$_closure3'
Event: 206.180 Thread 0x00000213fb7541b0 Unloading class 0x00000213829c0920 '_BuildScript_$_run_closure1$_closure2'
Event: 206.180 Thread 0x00000213fb7541b0 Unloading class 0x00000213829c0538 '_BuildScript_$_run_closure1'
Event: 206.180 Thread 0x00000213fb7541b0 Unloading class 0x00000213829c0000 '_BuildScript_'
Event: 591.283 Thread 0x00000213fb7541b0 Unloading class 0x0000021382a77000 '_BuildScript_$_run_closure2$_closure8'
Event: 591.283 Thread 0x00000213fb7541b0 Unloading class 0x00000213829dc400 '_BuildScript_$_run_closure2$_closure7'
Event: 591.283 Thread 0x00000213fb7541b0 Unloading class 0x00000213829c0bb8 '_BuildScript_$_run_closure2$_closure6'
Event: 591.283 Thread 0x00000213fb7541b0 Unloading class 0x00000213829c07d0 '_BuildScript_$_run_closure2$_closure5'
Event: 591.283 Thread 0x00000213fb7541b0 Unloading class 0x00000213829c03e8 '_BuildScript_$_run_closure2$_closure4'
Event: 591.283 Thread 0x00000213fb7541b0 Unloading class 0x00000213829c0000 '_BuildScript_$_run_closure2'
Event: 591.284 Thread 0x00000213fb7541b0 Unloading class 0x00000213829c13e8 '_BuildScript_$_run_closure1$_closure3'
Event: 591.285 Thread 0x00000213fb7541b0 Unloading class 0x00000213829c1000 '_BuildScript_$_run_closure1'
Event: 591.285 Thread 0x00000213fb7541b0 Unloading class 0x00000213829dc800 '_BuildScript_'
Event: 591.286 Thread 0x00000213fb7541b0 Unloading class 0x0000021382a75000 '_BuildScript_$_run_closure1$_closure3'
Event: 591.286 Thread 0x00000213fb7541b0 Unloading class 0x0000021382a74920 '_BuildScript_$_run_closure1$_closure2'
Event: 591.286 Thread 0x00000213fb7541b0 Unloading class 0x0000021382a74538 '_BuildScript_$_run_closure1'
Event: 591.286 Thread 0x00000213fb7541b0 Unloading class 0x0000021382a74000 '_BuildScript_'

Classes redefined (0 events):
No events

Internal exceptions (20 events):
Event: 644.696 Thread 0x000002141747b050 Exception <a 'java/lang/NoSuchMethodError'{0x00000006b1d85200}: 'java.lang.Object java.lang.invoke.Invokers$Holder.linkToTargetMethod(int, java.lang.Object, java.lang.Object, java.lang.Object, java.lang.Object, java.lang.Object)'> (0x00000006b1d85200) 
thrown [s\open\src\hotspot\share\interpreter\linkResolver.cpp, line 773]
Event: 644.715 Thread 0x0000021417477bd0 Exception <a 'sun/nio/fs/WindowsException'{0x00000006b1c71d28}> (0x00000006b1c71d28) 
thrown [s\open\src\hotspot\share\prims\jni.cpp, line 520]
Event: 644.759 Thread 0x0000021417899570 Exception <a 'sun/nio/fs/WindowsException'{0x00000006b15b0d28}> (0x00000006b15b0d28) 
thrown [s\open\src\hotspot\share\prims\jni.cpp, line 520]
Event: 647.293 Thread 0x00000214178960f0 Exception <a 'java/lang/NoSuchMethodError'{0x000000069da88190}: 'void java.lang.invoke.DirectMethodHandle$Holder.invokeSpecialIFC(java.lang.Object, java.lang.Object, java.lang.Object, java.lang.Object)'> (0x000000069da88190) 
thrown [s\open\src\hotspot\share\interpreter\linkResolver.cpp, line 773]
Event: 650.241 Thread 0x00000213fb768b60 Implicit null exception at 0x00000213dfa32bf0 to 0x00000213dfa32c6d
Event: 651.264 Thread 0x000002141747b050 Implicit null exception at 0x00000213e1163994 to 0x00000213e116aca0
Event: 655.077 Thread 0x000002141747bd70 Exception <a 'sun/nio/fs/WindowsException'{0x000000070defa9c0}> (0x000000070defa9c0) 
thrown [s\open\src\hotspot\share\prims\jni.cpp, line 520]
Event: 656.053 Thread 0x000002141d737a40 Exception <a 'sun/nio/fs/WindowsException'{0x0000000713245e20}> (0x0000000713245e20) 
thrown [s\open\src\hotspot\share\prims\jni.cpp, line 520]
Event: 656.148 Thread 0x000002141d737a40 Exception <a 'sun/nio/fs/WindowsException'{0x000000070f7b0a40}> (0x000000070f7b0a40) 
thrown [s\open\src\hotspot\share\prims\jni.cpp, line 520]
Event: 656.773 Thread 0x0000021417477bd0 Exception <a 'sun/nio/fs/WindowsException'{0x00000007421d4518}> (0x00000007421d4518) 
thrown [s\open\src\hotspot\share\prims\jni.cpp, line 520]
Event: 656.846 Thread 0x00000214178960f0 Exception <a 'sun/nio/fs/WindowsException'{0x000000073f9a9568}> (0x000000073f9a9568) 
thrown [s\open\src\hotspot\share\prims\jni.cpp, line 520]
Event: 657.733 Thread 0x00000214178960f0 Implicit null exception at 0x00000213e06b8c99 to 0x00000213e06b8e8c
Event: 658.143 Thread 0x0000021417899570 Exception <a 'sun/nio/fs/WindowsException'{0x00000007208ecf38}> (0x00000007208ecf38) 
thrown [s\open\src\hotspot\share\prims\jni.cpp, line 520]
Event: 658.252 Thread 0x00000214178953d0 Implicit null exception at 0x00000213e00b86fd to 0x00000213e00b887c
Event: 658.309 Thread 0x00000214178953d0 Exception <a 'java/lang/NoSuchMethodError'{0x000000071ea2ca60}: 'java.lang.Object java.lang.invoke.DirectMethodHandle$Holder.newInvokeSpecial(java.lang.Object, int, java.lang.Object, java.lang.Object)'> (0x000000071ea2ca60) 
thrown [s\open\src\hotspot\share\interpreter\linkResolver.cpp, line 773]
Event: 658.310 Thread 0x00000214178953d0 Exception <a 'java/lang/NoSuchMethodError'{0x000000071ea30d18}: 'java.lang.Object java.lang.invoke.DirectMethodHandle$Holder.invokeSpecial(java.lang.Object, java.lang.Object, int, java.lang.Object, java.lang.Object)'> (0x000000071ea30d18) 
thrown [s\open\src\hotspot\share\interpreter\linkResolver.cpp, line 773]
Event: 658.679 Thread 0x0000021405a74870 Exception <a 'sun/nio/fs/WindowsException'{0x000000071a7cc780}> (0x000000071a7cc780) 
thrown [s\open\src\hotspot\share\prims\jni.cpp, line 520]
Event: 658.826 Thread 0x00000214178953d0 Exception <a 'sun/nio/fs/WindowsException'{0x00000007171d3320}> (0x00000007171d3320) 
thrown [s\open\src\hotspot\share\prims\jni.cpp, line 520]
Event: 660.725 Thread 0x000002141747b050 Exception <a 'sun/nio/fs/WindowsException'{0x00000006ff77f580}> (0x00000006ff77f580) 
thrown [s\open\src\hotspot\share\prims\jni.cpp, line 520]
Event: 662.458 Thread 0x00000214178953d0 Exception <a 'sun/nio/fs/WindowsException'{0x00000006e8d1c6f8}> (0x00000006e8d1c6f8) 
thrown [s\open\src\hotspot\share\prims\jni.cpp, line 520]

ZGC Phase Switch (0 events):
No events

VM Operations (20 events):
Event: 656.212 Executing VM operation: G1CollectForAllocation (G1 Evacuation Pause)
Event: 656.309 Executing VM operation: G1CollectForAllocation (G1 Evacuation Pause) done
Event: 656.786 Executing VM operation: ICBufferFull
Event: 656.796 Executing VM operation: ICBufferFull done
Event: 657.680 Executing VM operation: HandshakeAllThreads (Deoptimize)
Event: 657.680 Executing VM operation: HandshakeAllThreads (Deoptimize) done
Event: 657.990 Executing VM operation: ICBufferFull
Event: 657.991 Executing VM operation: ICBufferFull done
Event: 658.583 Executing VM operation: ICBufferFull
Event: 658.584 Executing VM operation: ICBufferFull done
Event: 659.584 Executing VM operation: Cleanup
Event: 659.638 Executing VM operation: Cleanup done
Event: 660.638 Executing VM operation: Cleanup
Event: 660.640 Executing VM operation: Cleanup done
Event: 661.145 Executing VM operation: HandshakeAllThreads (HandshakeForDeflation)
Event: 661.154 Executing VM operation: HandshakeAllThreads (HandshakeForDeflation) done
Event: 661.155 Executing VM operation: RendezvousGCThreads
Event: 661.155 Executing VM operation: RendezvousGCThreads done
Event: 662.155 Executing VM operation: Cleanup
Event: 662.156 Executing VM operation: Cleanup done

Events (20 events):
Event: 592.916 Thread 0x00000213fb7541b0 flushing nmethod 0x00000213ced5ad90
Event: 592.916 Thread 0x00000213fb7541b0 flushing nmethod 0x00000213cecc8510
Event: 592.916 Thread 0x00000213fb7541b0 flushing nmethod 0x00000213cecf0010
Event: 592.916 Thread 0x00000213fb7541b0 flushing nmethod 0x00000213ceb9fb10
Event: 592.916 Thread 0x00000213fb7541b0 flushing nmethod 0x00000213ce940d90
Event: 592.916 Thread 0x00000213fb7541b0 flushing nmethod 0x00000213ce9b9490
Event: 592.916 Thread 0x00000213fb7541b0 flushing nmethod 0x00000213ce91d590
Event: 592.917 Thread 0x00000213fb7541b0 flushing nmethod 0x00000213ce860310
Event: 592.917 Thread 0x00000213fb7541b0 flushing nmethod 0x00000213ce591990
Event: 592.917 Thread 0x00000213fb7541b0 flushing nmethod 0x00000213dff8ca10
Event: 592.917 Thread 0x00000213fb7541b0 flushing nmethod 0x00000213dff2a090
Event: 592.918 Thread 0x00000213fb7541b0 flushing nmethod 0x00000213dff28890
Event: 592.918 Thread 0x00000213fb7541b0 flushing nmethod 0x00000213dfa41610
Event: 592.918 Thread 0x00000213fb7541b0 flushing nmethod 0x00000213dfacc890
Event: 592.918 Thread 0x00000213fb7541b0 flushing nmethod 0x00000213dfa32990
Event: 620.214 Thread 0x0000021421543050 Thread added: 0x0000021421543050
Event: 621.003 Thread 0x00000214215429c0 Thread added: 0x00000214215429c0
Event: 647.854 Thread 0x000002141fcd73b0 Thread added: 0x000002141fcd73b0
Event: 650.249 Thread 0x00000214215429c0 Thread exited: 0x00000214215429c0
Event: 653.250 Thread 0x00000214045b13d0 Thread added: 0x00000214045b13d0


Dynamic libraries:
0x00007ff78c530000 - 0x00007ff78c540000 	C:\Program Files\Java\jdk-21\bin\java.exe
0x00007ffb09a50000 - 0x00007ffb09c67000 	C:\Windows\SYSTEM32\ntdll.dll
0x00007ffb079e0000 - 0x00007ffb07aa4000 	C:\Windows\System32\KERNEL32.DLL
0x00007ffb071f0000 - 0x00007ffb07596000 	C:\Windows\System32\KERNELBASE.dll
0x00007ffb06ef0000 - 0x00007ffb07001000 	C:\Windows\System32\ucrtbase.dll
0x00007ffab8e90000 - 0x00007ffab8eab000 	C:\Program Files\Java\jdk-21\bin\VCRUNTIME140.dll
0x00007ffab8eb0000 - 0x00007ffab8ec9000 	C:\Program Files\Java\jdk-21\bin\jli.dll
0x00007ffb077b0000 - 0x00007ffb07860000 	C:\Windows\System32\ADVAPI32.dll
0x00007ffb07ab0000 - 0x00007ffb07b57000 	C:\Windows\System32\msvcrt.dll
0x00007ffb08c10000 - 0x00007ffb08cb6000 	C:\Windows\System32\sechost.dll
0x00007ffb08a60000 - 0x00007ffb08b77000 	C:\Windows\System32\RPCRT4.dll
0x00007ffb08440000 - 0x00007ffb085ed000 	C:\Windows\System32\USER32.dll
0x00007ffb07780000 - 0x00007ffb077a6000 	C:\Windows\System32\win32u.dll
0x00007ffae9690000 - 0x00007ffae9923000 	C:\Windows\WinSxS\amd64_microsoft.windows.common-controls_6595b64144ccf1df_6.0.22621.2361_none_2712ced57382f843\COMCTL32.dll
0x00007ffb09800000 - 0x00007ffb09829000 	C:\Windows\System32\GDI32.dll
0x00007ffb07660000 - 0x00007ffb07778000 	C:\Windows\System32\gdi32full.dll
0x00007ffb06e50000 - 0x00007ffb06eea000 	C:\Windows\System32\msvcp_win.dll
0x00007ffafb960000 - 0x00007ffafb96a000 	C:\Windows\SYSTEM32\VERSION.dll
0x00007ffb08cc0000 - 0x00007ffb08cf1000 	C:\Windows\System32\IMM32.DLL
0x00007ffac8ed0000 - 0x00007ffac8edc000 	C:\Program Files\Java\jdk-21\bin\vcruntime140_1.dll
0x00007ffa8ebf0000 - 0x00007ffa8ec7e000 	C:\Program Files\Java\jdk-21\bin\msvcp140.dll
0x00007ffa2dfe0000 - 0x00007ffa2ecf3000 	C:\Program Files\Java\jdk-21\bin\server\jvm.dll
0x00007ffb09830000 - 0x00007ffb098a1000 	C:\Windows\System32\WS2_32.dll
0x00007ffb00700000 - 0x00007ffb00734000 	C:\Windows\SYSTEM32\WINMM.dll
0x00007ffb06ca0000 - 0x00007ffb06ced000 	C:\Windows\SYSTEM32\POWRPROF.dll
0x00007ffb06c80000 - 0x00007ffb06c93000 	C:\Windows\SYSTEM32\UMPDC.dll
0x00007ffb05d70000 - 0x00007ffb05d88000 	C:\Windows\SYSTEM32\kernel.appcore.dll
0x00007ffab6330000 - 0x00007ffab633a000 	C:\Program Files\Java\jdk-21\bin\jimage.dll
0x00007ffafc750000 - 0x00007ffafc97e000 	C:\Windows\SYSTEM32\DBGHELP.DLL
0x00007ffb080b0000 - 0x00007ffb0843a000 	C:\Windows\System32\combase.dll
0x00007ffb08950000 - 0x00007ffb08a27000 	C:\Windows\System32\OLEAUT32.dll
0x00007ffafafe0000 - 0x00007ffafb012000 	C:\Windows\SYSTEM32\dbgcore.DLL
0x00007ffb06dd0000 - 0x00007ffb06e4a000 	C:\Windows\System32\bcryptPrimitives.dll
0x00007ffabce10000 - 0x00007ffabce1f000 	C:\Program Files\Java\jdk-21\bin\instrument.dll
0x00007ffaa5360000 - 0x00007ffaa537f000 	C:\Program Files\Java\jdk-21\bin\java.dll
0x00007ffb08d70000 - 0x00007ffb095c8000 	C:\Windows\System32\SHELL32.dll
0x00007ffb04ce0000 - 0x00007ffb055d2000 	C:\Windows\SYSTEM32\windows.storage.dll
0x00007ffb04ba0000 - 0x00007ffb04cde000 	C:\Windows\SYSTEM32\wintypes.dll
0x00007ffb09910000 - 0x00007ffb09a03000 	C:\Windows\System32\SHCORE.dll
0x00007ffb07870000 - 0x00007ffb078ce000 	C:\Windows\System32\shlwapi.dll
0x00007ffb06d00000 - 0x00007ffb06d26000 	C:\Windows\SYSTEM32\profapi.dll
0x00007ffa2fcf0000 - 0x00007ffa2fdc7000 	C:\Program Files\Java\jdk-21\bin\jsvml.dll
0x00007ffa966f0000 - 0x00007ffa96708000 	C:\Program Files\Java\jdk-21\bin\zip.dll
0x00007ffab6290000 - 0x00007ffab62a0000 	C:\Program Files\Java\jdk-21\bin\net.dll
0x00007ffb00af0000 - 0x00007ffb00c27000 	C:\Windows\SYSTEM32\WINHTTP.dll
0x00007ffb06240000 - 0x00007ffb062a9000 	C:\Windows\system32\mswsock.dll
0x00007ffa97d90000 - 0x00007ffa97da6000 	C:\Program Files\Java\jdk-21\bin\nio.dll
0x00007ffab6200000 - 0x00007ffab6210000 	C:\Program Files\Java\jdk-21\bin\verify.dll
0x00007ffa96530000 - 0x00007ffa96557000 	C:\Users\lugtu\.gradle\native\1def1411415f61bf3af743bc5b6707747c0891f09f0c88961ee8f79bc544acac\windows-amd64\native-platform.dll
0x0000000069ca0000 - 0x0000000069d13000 	C:\Users\lugtu\.gradle\native\0.2.5\x86_64-windows-gnu\gradle-fileevents.dll
0x00007ffad5830000 - 0x00007ffad583a000 	C:\Program Files\Java\jdk-21\bin\management.dll
0x00007ffad4b80000 - 0x00007ffad4b8b000 	C:\Program Files\Java\jdk-21\bin\management_ext.dll
0x00007ffb078d0000 - 0x00007ffb078d8000 	C:\Windows\System32\PSAPI.DLL
0x00007ffb06560000 - 0x00007ffb0657b000 	C:\Windows\SYSTEM32\CRYPTSP.dll
0x00007ffb05d30000 - 0x00007ffb05d65000 	C:\Windows\system32\rsaenh.dll
0x00007ffb062e0000 - 0x00007ffb0630c000 	C:\Windows\SYSTEM32\USERENV.dll
0x00007ffb06660000 - 0x00007ffb06688000 	C:\Windows\SYSTEM32\bcrypt.dll
0x00007ffb06540000 - 0x00007ffb0654c000 	C:\Windows\SYSTEM32\CRYPTBASE.dll
0x00007ffb05840000 - 0x00007ffb0586d000 	C:\Windows\SYSTEM32\IPHLPAPI.DLL
0x00007ffb08a50000 - 0x00007ffb08a59000 	C:\Windows\System32\NSI.dll
0x00007ffab1300000 - 0x00007ffab1307000 	C:\Program Files\Java\jdk-21\bin\extnet.dll
0x00007ffab1660000 - 0x00007ffab166e000 	C:\Program Files\Java\jdk-21\bin\sunmscapi.dll
0x00007ffb07080000 - 0x00007ffb071e6000 	C:\Windows\System32\CRYPT32.dll
0x00007ffb06600000 - 0x00007ffb0662d000 	C:\Windows\SYSTEM32\ncrypt.dll
0x00007ffb065c0000 - 0x00007ffb065f7000 	C:\Windows\SYSTEM32\NTASN1.dll
0x00007ffb04080000 - 0x00007ffb04088000 	C:\Windows\system32\wshunix.dll
0x0000000069c20000 - 0x0000000069c93000 	C:\Users\lugtu\AppData\Local\Temp\native-platform8583817630776996285dir\gradle-fileevents.dll
0x00007ffb058b0000 - 0x00007ffb059a9000 	C:\Windows\SYSTEM32\DNSAPI.dll
0x000000006b1f0000 - 0x000000006b216000 	C:\Program Files\Bonjour\mdnsNSP.dll
0x00007ffaff0f0000 - 0x00007ffaff0fa000 	C:\Windows\System32\rasadhlp.dll
0x00007ffb00380000 - 0x00007ffb00404000 	C:\Windows\System32\fwpuclnt.dll
0x00007ffadd910000 - 0x00007ffadd927000 	C:\Windows\system32\napinsp.dll
0x00007ffadd580000 - 0x00007ffadd59b000 	C:\Windows\system32\pnrpnsp.dll
0x00007ffadd5d0000 - 0x00007ffadd5e1000 	C:\Windows\System32\winrnr.dll
0x00007ffade670000 - 0x00007ffade685000 	C:\Windows\system32\wshbth.dll
0x00007ffadd890000 - 0x00007ffadd8b1000 	C:\Windows\system32\nlansp_c.dll
0x00007ffade7d0000 - 0x00007ffade7d7000 	C:\Program Files\Java\jdk-21\bin\rmi.dll
0x00007ffb05df0000 - 0x00007ffb05e24000 	C:\Windows\SYSTEM32\ntmarta.dll
0x00007ffb04170000 - 0x00007ffb04207000 	C:\Windows\system32\apphelp.dll

dbghelp: loaded successfully - version: 4.0.5 - missing functions: none
symbol engine: initialized successfully - sym options: 0x614 - pdb path: .;C:\Program Files\Java\jdk-21\bin;C:\Windows\SYSTEM32;C:\Windows\WinSxS\amd64_microsoft.windows.common-controls_6595b64144ccf1df_6.0.22621.2361_none_2712ced57382f843;C:\Program Files\Java\jdk-21\bin\server;C:\Users\lugtu\.gradle\native\1def1411415f61bf3af743bc5b6707747c0891f09f0c88961ee8f79bc544acac\windows-amd64;C:\Users\lugtu\.gradle\native\0.2.5\x86_64-windows-gnu;C:\Users\lugtu\AppData\Local\Temp\native-platform8583817630776996285dir;C:\Program Files\Bonjour

VM Arguments:
jvm_args: --add-opens=java.base/java.lang=ALL-UNNAMED --add-opens=java.base/java.lang.invoke=ALL-UNNAMED --add-opens=java.base/java.util=ALL-UNNAMED --add-opens=java.prefs/java.util.prefs=ALL-UNNAMED --add-exports=jdk.compiler/com.sun.tools.javac.api=ALL-UNNAMED --add-exports=jdk.compiler/com.sun.tools.javac.util=ALL-UNNAMED --add-opens=java.base/java.util=ALL-UNNAMED --add-opens=java.prefs/java.util.prefs=ALL-UNNAMED --add-opens=java.base/java.nio.charset=ALL-UNNAMED --add-opens=java.base/java.net=ALL-UNNAMED --add-opens=java.base/java.util.concurrent.atomic=ALL-UNNAMED --add-opens=java.xml/javax.xml.namespace=ALL-UNNAMED -XX:MaxMetaspaceSize=4G -XX:ReservedCodeCacheSize=512m -XX:+HeapDumpOnOutOfMemoryError -Xmx8G -Dfile.encoding=UTF-8 -Duser.country=US -Duser.language=en -Duser.variant -javaagent:C:\Users\lugtu\.gradle\wrapper\dists\gradle-8.12-all\ejduaidbjup3bmmkhw3rie4zb\gradle-8.12\lib\agents\gradle-instrumentation-agent-8.12.jar 
java_command: org.gradle.launcher.daemon.bootstrap.GradleDaemon 8.12
java_class_path (initial): C:\Users\lugtu\.gradle\wrapper\dists\gradle-8.12-all\ejduaidbjup3bmmkhw3rie4zb\gradle-8.12\lib\gradle-daemon-main-8.12.jar
Launcher Type: SUN_STANDARD

[Global flags]
     intx CICompilerCount                          = 4                                         {product} {ergonomic}
     uint ConcGCThreads                            = 3                                         {product} {ergonomic}
     uint G1ConcRefinementThreads                  = 10                                        {product} {ergonomic}
   size_t G1HeapRegionSize                         = 4194304                                   {product} {ergonomic}
    uintx GCDrainStackTargetSize                   = 64                                        {product} {ergonomic}
     bool HeapDumpOnOutOfMemoryError               = true                                   {manageable} {command line}
   size_t InitialHeapSize                          = 218103808                                 {product} {ergonomic}
   size_t MarkStackSize                            = 4194304                                   {product} {ergonomic}
   size_t MaxHeapSize                              = 8589934592                                {product} {command line}
   size_t MaxMetaspaceSize                         = 4294967296                                {product} {command line}
   size_t MaxNewSize                               = 5150605312                                {product} {ergonomic}
   size_t MinHeapDeltaBytes                        = 4194304                                   {product} {ergonomic}
   size_t MinHeapSize                              = 8388608                                   {product} {ergonomic}
    uintx NonNMethodCodeHeapSize                   = 5839372                                {pd product} {ergonomic}
    uintx NonProfiledCodeHeapSize                  = 265515770                              {pd product} {ergonomic}
    uintx ProfiledCodeHeapSize                     = 265515770                              {pd product} {ergonomic}
    uintx ReservedCodeCacheSize                    = 536870912                              {pd product} {command line}
     bool SegmentedCodeCache                       = true                                      {product} {ergonomic}
   size_t SoftMaxHeapSize                          = 8589934592                             {manageable} {ergonomic}
     bool UseCompressedOops                        = true                           {product lp64_product} {ergonomic}
     bool UseG1GC                                  = true                                      {product} {ergonomic}
     bool UseLargePagesIndividualAllocation        = false                                  {pd product} {ergonomic}

Logging:
Log output configuration:
 #0: stdout all=warning uptime,level,tags foldmultilines=false
 #1: stderr all=off uptime,level,tags foldmultilines=false

Environment Variables:
CLASSPATH=C:\Users\lugtu\Downloads\Infini-Stock\mobile-app\android\\gradle\wrapper\gradle-wrapper.jar
PATH=C:\Program Files\Common Files\Oracle\Java\javapath;c:\Users\lugtu\AppData\Roaming\Code\User\globalStorage\github.copilot-chat\debugCommand;c:\Users\lugtu\AppData\Roaming\Code\User\globalStorage\github.copilot-chat\copilotCli;C:\flutter\bin\;C:\Users\lugtu\AppData\Local\Programs\Microsoft VS Code;C:\Program Files\Python312\Scripts\;C:\Program Files\Python312\;C:\Program Files\Common Files\Oracle\Java\javapath;C:\Program Files (x86)\Common Files\Intel\Shared Libraries\redist\intel64\compiler;C:\Windows\system32;C:\Windows;C:\Windows\System32\Wbem;C:\Windows\System32\WindowsPowerShell\v1.0\;C:\Windows\System32\OpenSSH\;C:\MinGW\bin;C:\Program Files\Git\cmd;C:\Program Files\Microsoft SQL Server\150\Tools\Binn\;C:\Program Files\Microsoft SQL Server\Client SDK\ODBC\170\Tools\Binn\;C:\Program Files\dotnet\;C:\Program Files (x86)\Microsoft SQL Server\160\Tools\Binn\;C:\Program Files\Microsoft SQL Server\160\Tools\Binn\;C:\Program Files\Microsoft SQL Server\160\DTS\Binn\;C:\Program Files (x86)\Microsoft SQL Server\160\DTS\Binn\;C:\xampp\php;C:\Program Files\nodejs;C:\Users\lugtu\AppData\Roaming\npm;C:\flutter\bin;C:\Program Files\nodejs\;C:\Program Files\Docker\Docker\resources\bin;C:\Users\lugtu\AppData\Local\Pub\Cache\bin;C:\Users\lugtu\AppData\Local\Programs\cursor\resources\app\bin;C:\Users\lugtu\AppData\Local\Programs\Microsoft VS Code\bin;C:\Users\lugtu\AppData\Local\Google\Cloud SDK\google-cloud-sdk\bin;C:\Android\platform-tools;C:\Users\lugtu\AppData\Local\Pub\Cache\bin;C:\Users\lugtu\AppData\Local\Programs\cursor\resources\app\bin;C:\Users\lugtu\AppData\Local\Programs\Microsoft VS Code\bin;C:\Users\lugtu\AppData\Local\Google\Cloud SDK\google-cloud-sdk\bin;C:\platform-tools;C:\Users\lugtu\AppData\Local\Pub\Cache\bin;C:\Users\lugtu\AppData\Local\Programs\cursor\resources\app\bin;C:\Users\lugtu\AppData\Local\Programs\Microsoft VS Code\bin;C:\Users\lugtu\AppData\Local\Google\Cloud SDK\google-cloud-sdk\bin;C:\flutter\bin\mingit\cmd
USERNAME=lugtu
LANG=en_US.UTF-8
OS=Windows_NT
PROCESSOR_IDENTIFIER=AMD64 Family 23 Model 96 Stepping 1, AuthenticAMD
TMP=C:\Users\lugtu\AppData\Local\Temp
TEMP=C:\Users\lugtu\AppData\Local\Temp




---------------  S Y S T E M  ---------------

OS:
 Windows 11 , 64 bit Build 22621 (10.0.22621.2428)
OS uptime: 0 days 4:05 hours
Hyper-V role detected

CPU: total 12 (initial active 12) (12 cores per cpu, 2 threads per core) family 23 model 96 stepping 1 microcode 0x0, cx8, cmov, fxsr, ht, mmx, 3dnowpref, sse, sse2, sse3, ssse3, sse4a, sse4.1, sse4.2, popcnt, lzcnt, tsc, tscinvbit, avx, avx2, aes, clmul, bmi1, bmi2, adx, sha, fma, vzeroupper, clflush, clflushopt, hv, rdtscp, rdpid, f16c
Processor Information for all 12 processors :
  Max Mhz: 3701, Current Mhz: 3701, Mhz Limit: 3701

Memory: 4k page, system-wide physical 13100M (495M free)
TotalPageFile size 29484M (AvailPageFile size 0M)
current process WorkingSet (physical memory assigned to process): 1376M, peak: 4609M
current process commit charge ("private bytes"): 6440M, peak: 6447M

vm_info: Java HotSpot(TM) 64-Bit Server VM (21+35-LTS-2513) for windows-amd64 JRE (21+35-LTS-2513), built on 2023-08-09T20:25:10Z by "mach5one" with MS VC++ 17.1 (VS2022)

END.
